window,train_start,train_end,validation_start,validation_end,target,horizon,model,transform,feature_set,MAE,RMSE,sMAPE,R2,directional_accuracy,UP_count,DOWN_count,UP_recall,DOWN_recall,always_up_accuracy,always_down_accuracy,N
Window_1,2016-01-04,2020-12-24,2021-01-05,2021-12-24,handy,30d,Persistence,level,none,4819.09,6355.9,22.04,-0.4764,N/A,165,77,N/A,N/A,68.2%,31.8%,242
Window_1,2016-01-04,2020-12-24,2021-01-05,2021-12-24,handy,30d,Naive_Mean_Change,abs_change,none,4766.15,6328.41,21.69,-0.4636,68.2%,165,77,100.0%,0.0%,68.2%,31.8%,242
Window_1,2016-01-04,2020-12-24,2021-01-05,2021-12-24,handy,30d,Ridge,abs_change,full,4887.22,5703.48,21.85,-0.1888,47.1%,165,77,22.4%,100.0%,68.2%,31.8%,242
Window_1,2016-01-04,2020-12-24,2021-01-05,2021-12-24,handy,30d,XGBoost,abs_change,full,3573.1,5138.59,16.06,0.035,97.5%,165,77,100.0%,92.2%,68.2%,31.8%,242
Window_1,2016-01-04,2020-12-24,2021-01-05,2021-12-24,handy,30d,Neural_Net,abs_change,full,8613.35,9492.85,41.82,-2.2934,41.7%,165,77,14.5%,100.0%,68.2%,31.8%,242
Window_1,2016-01-04,2020-12-24,2021-01-05,2021-12-24,handy,30d,Ridge_Residual_Hybrid,abs_change,full,4687.29,5499.66,20.81,-0.1054,51.2%,165,77,28.5%,100.0%,68.2%,31.8%,242
Window_1,2016-01-04,2020-12-24,2021-01-05,2021-12-24,handy,30d,Validation_Weighted_Ensemble,abs_change,full,7248.79,8072.07,34.16,-1.3813,43.8%,165,77,17.6%,100.0%,68.2%,31.8%,242
Window_2,2016-01-04,2021-12-24,2022-01-03,2022-12-23,handy,30d,Persistence,level,none,4653.98,5846.43,24.33,0.5098,N/A,56,185,N/A,N/A,23.2%,76.8%,241
Window_2,2016-01-04,2021-12-24,2022-01-03,2022-12-23,handy,30d,Naive_Mean_Change,abs_change,none,4832.97,5941.12,25.41,0.4938,23.2%,56,185,100.0%,0.0%,23.2%,76.8%,241
Window_2,2016-01-04,2021-12-24,2022-01-03,2022-12-23,handy,30d,Ridge,abs_change,full,4445.33,23875.93,16.01,-7.1755,88.0%,56,185,69.6%,93.5%,23.2%,76.8%,241
Window_2,2016-01-04,2021-12-24,2022-01-03,2022-12-23,handy,30d,XGBoost,abs_change,full,3540.84,4728.79,18.22,0.6793,94.2%,56,185,100.0%,92.4%,23.2%,76.8%,241
Window_2,2016-01-04,2021-12-24,2022-01-03,2022-12-23,handy,30d,Neural_Net,abs_change,full,8575.26,71750.53,21.77,-72.8314,79.3%,56,185,44.6%,89.7%,23.2%,76.8%,241
Window_2,2016-01-04,2021-12-24,2022-01-03,2022-12-23,handy,30d,Ridge_Residual_Hybrid,abs_change,full,4486.7,23910.9,15.98,-7.1994,88.4%,56,185,71.4%,93.5%,23.2%,76.8%,241
Window_2,2016-01-04,2021-12-24,2022-01-03,2022-12-23,handy,30d,Validation_Weighted_Ensemble,abs_change,full,3481.39,4686.91,17.85,0.685,94.2%,56,185,100.0%,92.4%,23.2%,76.8%,241
Window_3,2016-01-04,2022-12-23,2023-01-03,2023-12-22,handy,30d,Persistence,level,none,1568.5,1838.77,17.89,-1.079,N/A,111,129,N/A,N/A,46.2%,53.8%,240
Window_3,2016-01-04,2022-12-23,2023-01-03,2023-12-22,handy,30d,Naive_Mean_Change,abs_change,none,1573.96,1829.57,17.89,-1.0583,46.2%,111,129,100.0%,0.0%,46.2%,53.8%,240
Window_3,2016-01-04,2022-12-23,2023-01-03,2023-12-22,handy,30d,Ridge,abs_change,full,1493.88,1968.49,18.47,-1.3827,83.3%,111,129,81.1%,85.3%,46.2%,53.8%,240
Window_3,2016-01-04,2022-12-23,2023-01-03,2023-12-22,handy,30d,XGBoost,abs_change,full,1815.17,2295.2,17.4,-2.2393,99.2%,111,129,99.1%,99.2%,46.2%,53.8%,240
Window_3,2016-01-04,2022-12-23,2023-01-03,2023-12-22,handy,30d,Neural_Net,abs_change,full,1707.5,2129.16,19.95,-1.7876,60.8%,111,129,52.3%,68.2%,46.2%,53.8%,240
Window_3,2016-01-04,2022-12-23,2023-01-03,2023-12-22,handy,30d,Ridge_Residual_Hybrid,abs_change,full,1671.73,2132.07,20.81,-1.7952,77.9%,111,129,75.7%,79.8%,46.2%,53.8%,240
Window_3,2016-01-04,2022-12-23,2023-01-03,2023-12-22,handy,30d,Validation_Weighted_Ensemble,abs_change,full,1074.03,1348.16,11.35,-0.1176,95.0%,111,129,99.1%,91.5%,46.2%,53.8%,240
Window_4,2016-01-04,2023-12-22,2024-01-02,2024-12-24,handy,30d,Persistence,level,none,1263.14,1727.63,12.63,0.2978,N/A,91,149,N/A,N/A,37.9%,62.1%,240
Window_4,2016-01-04,2023-12-22,2024-01-02,2024-12-24,handy,30d,Naive_Mean_Change,abs_change,none,1292.06,1751.61,12.87,0.2782,37.9%,91,149,100.0%,0.0%,37.9%,62.1%,240
Window_4,2016-01-04,2023-12-22,2024-01-02,2024-12-24,handy,30d,Ridge,abs_change,full,920.99,1310.93,9.45,0.5957,87.9%,91,149,85.7%,89.3%,37.9%,62.1%,240
Window_4,2016-01-04,2023-12-22,2024-01-02,2024-12-24,handy,30d,XGBoost,abs_change,full,1027.78,1254.01,9.36,0.6301,100.0%,91,149,100.0%,100.0%,37.9%,62.1%,240
Window_4,2016-01-04,2023-12-22,2024-01-02,2024-12-24,handy,30d,Neural_Net,abs_change,full,1380.03,1725.58,13.25,0.2995,71.2%,91,149,79.1%,66.4%,37.9%,62.1%,240
Window_4,2016-01-04,2023-12-22,2024-01-02,2024-12-24,handy,30d,Ridge_Residual_Hybrid,abs_change,full,939.15,1320.96,9.48,0.5895,86.7%,91,149,89.0%,85.2%,37.9%,62.1%,240
Window_4,2016-01-04,2023-12-22,2024-01-02,2024-12-24,handy,30d,Validation_Weighted_Ensemble,abs_change,full,864.82,1083.58,8.47,0.7238,97.1%,91,149,92.3%,100.0%,37.9%,62.1%,240
Window_5,2016-01-04,2024-12-24,2025-01-02,2025-12-24,handy,30d,Persistence,level,none,1018.21,1410.17,11.03,-0.0949,N/A,171,66,N/A,N/A,71.8%,27.7%,238
Window_5,2016-01-04,2024-12-24,2025-01-02,2025-12-24,handy,30d,Naive_Mean_Change,abs_change,none,1001.8,1402.32,10.82,-0.0828,71.8%,171,66,100.0%,0.0%,71.8%,27.7%,238
Window_5,2016-01-04,2024-12-24,2025-01-02,2025-12-24,handy,30d,Ridge,abs_change,full,955.28,1200.64,9.66,0.2063,75.6%,171,66,81.3%,62.1%,71.8%,27.7%,238
Window_5,2016-01-04,2024-12-24,2025-01-02,2025-12-24,handy,30d,XGBoost,abs_change,full,666.63,864.74,7.29,0.5883,97.9%,171,66,98.2%,98.5%,71.8%,27.7%,238
Window_5,2016-01-04,2024-12-24,2025-01-02,2025-12-24,handy,30d,Neural_Net,abs_change,full,921.05,1076.46,9.52,0.362,75.6%,171,66,69.0%,93.9%,71.8%,27.7%,238
Window_5,2016-01-04,2024-12-24,2025-01-02,2025-12-24,handy,30d,Ridge_Residual_Hybrid,abs_change,full,941.63,1185.03,9.45,0.2268,75.6%,171,66,81.9%,60.6%,71.8%,27.7%,238
Window_5,2016-01-04,2024-12-24,2025-01-02,2025-12-24,handy,30d,Validation_Weighted_Ensemble,abs_change,full,638.3,771.3,6.76,0.6724,89.1%,171,66,85.4%,100.0%,71.8%,27.7%,238
