column,category,dtype,null_count,null_pct
date,index,datetime64[us],0,0.0
kdci,freight_target_raw,int64,0,0.0
cape,freight_target_raw,float64,18,0.7
panamax,freight_target_raw,float64,2,0.08
supramax,freight_target_raw,float64,2,0.08
handy,freight_target_raw,float64,2,0.08
mc6,route_freight,float64,18,0.7
mc7,route_freight,float64,18,0.7
mc8,route_freight,float64,18,0.7
mc9,route_freight,float64,18,0.7
mp1,route_freight,float64,2,0.08
mp2,route_freight,float64,2,0.08
mp3,route_freight,float64,2,0.08
mp4,route_freight,float64,2,0.08
mp5,route_freight,float64,2,0.08
mp6,route_freight,float64,2,0.08
mp7,route_freight,float64,2,0.08
ms1,route_freight,float64,2,0.08
ms2,route_freight,float64,2,0.08
ms4,route_freight,float64,2,0.08
ms5,route_freight,float64,2,0.08
ms6,route_freight,float64,2,0.08
ms7,route_freight,float64,2,0.08
mh1,route_freight,float64,2,0.08
mh2,route_freight,float64,2,0.08
mh3,route_freight,float64,2,0.08
mh4,route_freight,float64,2,0.08
mh5,route_freight,float64,2,0.08
n10d,market_feature,float64,3,0.12
gprd,market_feature,float64,3,0.12
gprd_act,market_feature,float64,3,0.12
gprd_threat,market_feature,float64,3,0.12
gprd_ma7,market_feature,float64,3,0.12
gprd_ma30,market_feature,float64,3,0.12
usd_inr,market_feature,float64,97,3.76
brent_usd_per_barrel,market_feature,float64,45,1.74
wti_usd_per_barrel,market_feature,float64,95,3.68
gscpi,commodity_feature,float64,0,0.0
coal_australian,commodity_feature,float64,0,0.0
coal_south_african,commodity_feature,float64,0,0.0
iron_ore_cfr_spot,commodity_feature,float64,0,0.0
copper,commodity_feature,int64,0,0.0
aluminum,commodity_feature,int64,0,0.0
dap,commodity_feature,float64,0,0.0
tsp,commodity_feature,float64,0,0.0
urea,commodity_feature,float64,0,0.0
potassium_chloride,commodity_feature,float64,0,0.0
kdci_lag_1,lag_feature,float64,1,0.04
kdci_lag_3,lag_feature,float64,3,0.12
kdci_lag_7,lag_feature,float64,7,0.27
kdci_lag_14,lag_feature,float64,14,0.54
kdci_lag_30,lag_feature,float64,30,1.16
kdci_lag_60,lag_feature,float64,60,2.32
kdci_lag_90,lag_feature,float64,90,3.49
cape_lag_1,lag_feature,float64,19,0.74
cape_lag_3,lag_feature,float64,21,0.81
cape_lag_7,lag_feature,float64,25,0.97
cape_lag_14,lag_feature,float64,32,1.24
cape_lag_30,lag_feature,float64,48,1.86
cape_lag_60,lag_feature,float64,78,3.02
cape_lag_90,lag_feature,float64,108,4.18
panamax_lag_1,lag_feature,float64,3,0.12
panamax_lag_3,lag_feature,float64,5,0.19
panamax_lag_7,lag_feature,float64,9,0.35
panamax_lag_14,lag_feature,float64,16,0.62
panamax_lag_30,lag_feature,float64,32,1.24
panamax_lag_60,lag_feature,float64,62,2.4
panamax_lag_90,lag_feature,float64,92,3.56
supramax_lag_1,lag_feature,float64,3,0.12
supramax_lag_3,lag_feature,float64,5,0.19
supramax_lag_7,lag_feature,float64,9,0.35
supramax_lag_14,lag_feature,float64,16,0.62
supramax_lag_30,lag_feature,float64,32,1.24
supramax_lag_60,lag_feature,float64,62,2.4
supramax_lag_90,lag_feature,float64,92,3.56
handy_lag_1,lag_feature,float64,3,0.12
handy_lag_3,lag_feature,float64,5,0.19
handy_lag_7,lag_feature,float64,9,0.35
handy_lag_14,lag_feature,float64,16,0.62
handy_lag_30,lag_feature,float64,32,1.24
handy_lag_60,lag_feature,float64,62,2.4
handy_lag_90,lag_feature,float64,92,3.56
kdci_rmean_7,rolling_feature,float64,0,0.0
kdci_rstd_7,rolling_feature,float64,1,0.04
kdci_rmean_14,rolling_feature,float64,0,0.0
kdci_rstd_14,rolling_feature,float64,1,0.04
kdci_rmean_30,rolling_feature,float64,0,0.0
kdci_rstd_30,rolling_feature,float64,1,0.04
cape_rmean_7,rolling_feature,float64,0,0.0
cape_rstd_7,rolling_feature,float64,1,0.04
cape_rmean_14,rolling_feature,float64,0,0.0
cape_rstd_14,rolling_feature,float64,1,0.04
cape_rmean_30,rolling_feature,float64,0,0.0
cape_rstd_30,rolling_feature,float64,1,0.04
panamax_rmean_7,rolling_feature,float64,0,0.0
panamax_rstd_7,rolling_feature,float64,1,0.04
panamax_rmean_14,rolling_feature,float64,0,0.0
panamax_rstd_14,rolling_feature,float64,1,0.04
panamax_rmean_30,rolling_feature,float64,0,0.0
panamax_rstd_30,rolling_feature,float64,1,0.04
supramax_rmean_7,rolling_feature,float64,0,0.0
supramax_rstd_7,rolling_feature,float64,1,0.04
supramax_rmean_14,rolling_feature,float64,0,0.0
supramax_rstd_14,rolling_feature,float64,1,0.04
supramax_rmean_30,rolling_feature,float64,0,0.0
supramax_rstd_30,rolling_feature,float64,1,0.04
handy_rmean_7,rolling_feature,float64,0,0.0
handy_rstd_7,rolling_feature,float64,1,0.04
handy_rmean_14,rolling_feature,float64,0,0.0
handy_rstd_14,rolling_feature,float64,1,0.04
handy_rmean_30,rolling_feature,float64,0,0.0
handy_rstd_30,rolling_feature,float64,1,0.04
kdci_chg_1,momentum_feature,float64,1,0.04
kdci_pchg_1,momentum_feature,float64,1,0.04
kdci_chg_7,momentum_feature,float64,7,0.27
kdci_pchg_7,momentum_feature,float64,7,0.27
kdci_chg_14,momentum_feature,float64,14,0.54
kdci_pchg_14,momentum_feature,float64,14,0.54
kdci_chg_30,momentum_feature,float64,30,1.16
kdci_pchg_30,momentum_feature,float64,30,1.16
cape_chg_1,momentum_feature,float64,32,1.24
cape_pchg_1,momentum_feature,float64,32,1.24
cape_chg_7,momentum_feature,float64,43,1.67
cape_pchg_7,momentum_feature,float64,43,1.67
cape_chg_14,momentum_feature,float64,50,1.94
cape_pchg_14,momentum_feature,float64,50,1.94
cape_chg_30,momentum_feature,float64,66,2.56
cape_pchg_30,momentum_feature,float64,66,2.56
panamax_chg_1,momentum_feature,float64,5,0.19
panamax_pchg_1,momentum_feature,float64,5,0.19
panamax_chg_7,momentum_feature,float64,11,0.43
panamax_pchg_7,momentum_feature,float64,11,0.43
panamax_chg_14,momentum_feature,float64,18,0.7
panamax_pchg_14,momentum_feature,float64,18,0.7
panamax_chg_30,momentum_feature,float64,33,1.28
panamax_pchg_30,momentum_feature,float64,33,1.28
supramax_chg_1,momentum_feature,float64,4,0.15
supramax_pchg_1,momentum_feature,float64,4,0.15
supramax_chg_7,momentum_feature,float64,11,0.43
supramax_pchg_7,momentum_feature,float64,11,0.43
supramax_chg_14,momentum_feature,float64,18,0.7
supramax_pchg_14,momentum_feature,float64,18,0.7
supramax_chg_30,momentum_feature,float64,34,1.32
supramax_pchg_30,momentum_feature,float64,34,1.32
handy_chg_1,momentum_feature,float64,4,0.15
handy_pchg_1,momentum_feature,float64,4,0.15
handy_chg_7,momentum_feature,float64,11,0.43
handy_pchg_7,momentum_feature,float64,11,0.43
handy_chg_14,momentum_feature,float64,18,0.7
handy_pchg_14,momentum_feature,float64,18,0.7
handy_chg_30,momentum_feature,float64,34,1.32
handy_pchg_30,momentum_feature,float64,34,1.32
mkt_usd_inr_lag_1,lag_feature,float64,97,3.76
mkt_usd_inr_lag_7,lag_feature,float64,99,3.84
mkt_usd_inr_lag_14,lag_feature,float64,106,4.11
mkt_usd_inr_lag_30,lag_feature,float64,122,4.73
mkt_brent_usd_per_barrel_lag_1,lag_feature,float64,45,1.74
mkt_brent_usd_per_barrel_lag_7,lag_feature,float64,48,1.86
mkt_brent_usd_per_barrel_lag_14,lag_feature,float64,55,2.13
mkt_brent_usd_per_barrel_lag_30,lag_feature,float64,71,2.75
mkt_wti_usd_per_barrel_lag_1,lag_feature,float64,95,3.68
mkt_wti_usd_per_barrel_lag_7,lag_feature,float64,99,3.84
mkt_wti_usd_per_barrel_lag_14,lag_feature,float64,106,4.11
mkt_wti_usd_per_barrel_lag_30,lag_feature,float64,122,4.73
mkt_n10d_lag_1,lag_feature,float64,3,0.12
mkt_n10d_lag_7,lag_feature,float64,7,0.27
mkt_n10d_lag_14,lag_feature,float64,14,0.54
mkt_n10d_lag_30,lag_feature,float64,30,1.16
mkt_gprd_lag_1,lag_feature,float64,3,0.12
mkt_gprd_lag_7,lag_feature,float64,7,0.27
mkt_gprd_lag_14,lag_feature,float64,14,0.54
mkt_gprd_lag_30,lag_feature,float64,30,1.16
mkt_iron_ore_cfr_spot_lag_1,lag_feature,float64,1,0.04
mkt_iron_ore_cfr_spot_lag_7,lag_feature,float64,7,0.27
mkt_iron_ore_cfr_spot_lag_14,lag_feature,float64,14,0.54
mkt_iron_ore_cfr_spot_lag_30,lag_feature,float64,30,1.16
mkt_coal_australian_lag_1,lag_feature,float64,1,0.04
mkt_coal_australian_lag_7,lag_feature,float64,7,0.27
mkt_coal_australian_lag_14,lag_feature,float64,14,0.54
mkt_coal_australian_lag_30,lag_feature,float64,30,1.16
mkt_coal_south_african_lag_1,lag_feature,float64,1,0.04
mkt_coal_south_african_lag_7,lag_feature,float64,7,0.27
mkt_coal_south_african_lag_14,lag_feature,float64,14,0.54
mkt_coal_south_african_lag_30,lag_feature,float64,30,1.16
mkt_copper_lag_1,lag_feature,float64,1,0.04
mkt_copper_lag_7,lag_feature,float64,7,0.27
mkt_copper_lag_14,lag_feature,float64,14,0.54
mkt_copper_lag_30,lag_feature,float64,30,1.16
mkt_aluminum_lag_1,lag_feature,float64,1,0.04
mkt_aluminum_lag_7,lag_feature,float64,7,0.27
mkt_aluminum_lag_14,lag_feature,float64,14,0.54
mkt_aluminum_lag_30,lag_feature,float64,30,1.16
mkt_usd_inr_rmean_7,rolling_feature,float64,0,0.0
mkt_usd_inr_rstd_7,rolling_feature,float64,1,0.04
mkt_usd_inr_rmean_14,rolling_feature,float64,0,0.0
mkt_usd_inr_rstd_14,rolling_feature,float64,1,0.04
mkt_usd_inr_rmean_30,rolling_feature,float64,0,0.0
mkt_usd_inr_rstd_30,rolling_feature,float64,1,0.04
mkt_brent_usd_per_barrel_rmean_7,rolling_feature,float64,0,0.0
mkt_brent_usd_per_barrel_rstd_7,rolling_feature,float64,1,0.04
mkt_brent_usd_per_barrel_rmean_14,rolling_feature,float64,0,0.0
mkt_brent_usd_per_barrel_rstd_14,rolling_feature,float64,1,0.04
mkt_brent_usd_per_barrel_rmean_30,rolling_feature,float64,0,0.0
mkt_brent_usd_per_barrel_rstd_30,rolling_feature,float64,1,0.04
mkt_wti_usd_per_barrel_rmean_7,rolling_feature,float64,0,0.0
mkt_wti_usd_per_barrel_rstd_7,rolling_feature,float64,1,0.04
mkt_wti_usd_per_barrel_rmean_14,rolling_feature,float64,0,0.0
mkt_wti_usd_per_barrel_rstd_14,rolling_feature,float64,1,0.04
mkt_wti_usd_per_barrel_rmean_30,rolling_feature,float64,0,0.0
mkt_wti_usd_per_barrel_rstd_30,rolling_feature,float64,1,0.04
mkt_n10d_rmean_7,rolling_feature,float64,0,0.0
mkt_n10d_rstd_7,rolling_feature,float64,1,0.04
mkt_n10d_rmean_14,rolling_feature,float64,0,0.0
mkt_n10d_rstd_14,rolling_feature,float64,1,0.04
mkt_n10d_rmean_30,rolling_feature,float64,0,0.0
mkt_n10d_rstd_30,rolling_feature,float64,1,0.04
mkt_gprd_rmean_7,rolling_feature,float64,0,0.0
mkt_gprd_rstd_7,rolling_feature,float64,1,0.04
mkt_gprd_rmean_14,rolling_feature,float64,0,0.0
mkt_gprd_rstd_14,rolling_feature,float64,1,0.04
mkt_gprd_rmean_30,rolling_feature,float64,0,0.0
mkt_gprd_rstd_30,rolling_feature,float64,1,0.04
mkt_iron_ore_cfr_spot_rmean_7,rolling_feature,float64,0,0.0
mkt_iron_ore_cfr_spot_rstd_7,rolling_feature,float64,1,0.04
mkt_iron_ore_cfr_spot_rmean_14,rolling_feature,float64,0,0.0
mkt_iron_ore_cfr_spot_rstd_14,rolling_feature,float64,1,0.04
mkt_iron_ore_cfr_spot_rmean_30,rolling_feature,float64,0,0.0
mkt_iron_ore_cfr_spot_rstd_30,rolling_feature,float64,1,0.04
mkt_coal_australian_rmean_7,rolling_feature,float64,0,0.0
mkt_coal_australian_rstd_7,rolling_feature,float64,1,0.04
mkt_coal_australian_rmean_14,rolling_feature,float64,0,0.0
mkt_coal_australian_rstd_14,rolling_feature,float64,1,0.04
mkt_coal_australian_rmean_30,rolling_feature,float64,0,0.0
mkt_coal_australian_rstd_30,rolling_feature,float64,1,0.04
mkt_coal_south_african_rmean_7,rolling_feature,float64,0,0.0
mkt_coal_south_african_rstd_7,rolling_feature,float64,1,0.04
mkt_coal_south_african_rmean_14,rolling_feature,float64,0,0.0
mkt_coal_south_african_rstd_14,rolling_feature,float64,1,0.04
mkt_coal_south_african_rmean_30,rolling_feature,float64,0,0.0
mkt_coal_south_african_rstd_30,rolling_feature,float64,1,0.04
mkt_copper_rmean_7,rolling_feature,float64,0,0.0
mkt_copper_rstd_7,rolling_feature,float64,1,0.04
mkt_copper_rmean_14,rolling_feature,float64,0,0.0
mkt_copper_rstd_14,rolling_feature,float64,1,0.04
mkt_copper_rmean_30,rolling_feature,float64,0,0.0
mkt_copper_rstd_30,rolling_feature,float64,1,0.04
mkt_aluminum_rmean_7,rolling_feature,float64,0,0.0
mkt_aluminum_rstd_7,rolling_feature,float64,1,0.04
mkt_aluminum_rmean_14,rolling_feature,float64,0,0.0
mkt_aluminum_rstd_14,rolling_feature,float64,1,0.04
mkt_aluminum_rmean_30,rolling_feature,float64,0,0.0
mkt_aluminum_rstd_30,rolling_feature,float64,1,0.04
mkt_usd_inr_chg_1,momentum_feature,float64,189,7.32
mkt_usd_inr_pchg_1,momentum_feature,float64,189,7.32
mkt_usd_inr_chg_7,momentum_feature,float64,196,7.59
mkt_usd_inr_pchg_7,momentum_feature,float64,196,7.59
mkt_usd_inr_chg_14,momentum_feature,float64,201,7.79
mkt_usd_inr_pchg_14,momentum_feature,float64,201,7.79
mkt_brent_usd_per_barrel_chg_1,momentum_feature,float64,80,3.1
mkt_brent_usd_per_barrel_pchg_1,momentum_feature,float64,80,3.1
mkt_brent_usd_per_barrel_chg_7,momentum_feature,float64,93,3.6
mkt_brent_usd_per_barrel_pchg_7,momentum_feature,float64,93,3.6
mkt_brent_usd_per_barrel_chg_14,momentum_feature,float64,99,3.84
mkt_brent_usd_per_barrel_pchg_14,momentum_feature,float64,99,3.84
mkt_wti_usd_per_barrel_chg_1,momentum_feature,float64,183,7.09
mkt_wti_usd_per_barrel_pchg_1,momentum_feature,float64,183,7.09
mkt_wti_usd_per_barrel_chg_7,momentum_feature,float64,193,7.48
mkt_wti_usd_per_barrel_pchg_7,momentum_feature,float64,193,7.48
mkt_wti_usd_per_barrel_chg_14,momentum_feature,float64,200,7.75
mkt_wti_usd_per_barrel_pchg_14,momentum_feature,float64,200,7.75
mkt_n10d_chg_1,momentum_feature,float64,4,0.15
mkt_n10d_pchg_1,momentum_feature,float64,4,0.15
mkt_n10d_chg_7,momentum_feature,float64,10,0.39
mkt_n10d_pchg_7,momentum_feature,float64,10,0.39
mkt_n10d_chg_14,momentum_feature,float64,17,0.66
mkt_n10d_pchg_14,momentum_feature,float64,17,0.66
mkt_gprd_chg_1,momentum_feature,float64,4,0.15
mkt_gprd_pchg_1,momentum_feature,float64,4,0.15
mkt_gprd_chg_7,momentum_feature,float64,10,0.39
mkt_gprd_pchg_7,momentum_feature,float64,10,0.39
mkt_gprd_chg_14,momentum_feature,float64,17,0.66
mkt_gprd_pchg_14,momentum_feature,float64,17,0.66
mkt_iron_ore_cfr_spot_chg_1,momentum_feature,float64,1,0.04
mkt_iron_ore_cfr_spot_pchg_1,momentum_feature,float64,1,0.04
mkt_iron_ore_cfr_spot_chg_7,momentum_feature,float64,7,0.27
mkt_iron_ore_cfr_spot_pchg_7,momentum_feature,float64,7,0.27
mkt_iron_ore_cfr_spot_chg_14,momentum_feature,float64,14,0.54
mkt_iron_ore_cfr_spot_pchg_14,momentum_feature,float64,14,0.54
mkt_coal_australian_chg_1,momentum_feature,float64,1,0.04
mkt_coal_australian_pchg_1,momentum_feature,float64,1,0.04
mkt_coal_australian_chg_7,momentum_feature,float64,7,0.27
mkt_coal_australian_pchg_7,momentum_feature,float64,7,0.27
mkt_coal_australian_chg_14,momentum_feature,float64,14,0.54
mkt_coal_australian_pchg_14,momentum_feature,float64,14,0.54
mkt_coal_south_african_chg_1,momentum_feature,float64,1,0.04
mkt_coal_south_african_pchg_1,momentum_feature,float64,1,0.04
mkt_coal_south_african_chg_7,momentum_feature,float64,7,0.27
mkt_coal_south_african_pchg_7,momentum_feature,float64,7,0.27
mkt_coal_south_african_chg_14,momentum_feature,float64,14,0.54
mkt_coal_south_african_pchg_14,momentum_feature,float64,14,0.54
mkt_copper_chg_1,momentum_feature,float64,1,0.04
mkt_copper_pchg_1,momentum_feature,float64,1,0.04
mkt_copper_chg_7,momentum_feature,float64,7,0.27
mkt_copper_pchg_7,momentum_feature,float64,7,0.27
mkt_copper_chg_14,momentum_feature,float64,14,0.54
mkt_copper_pchg_14,momentum_feature,float64,14,0.54
mkt_aluminum_chg_1,momentum_feature,float64,1,0.04
mkt_aluminum_pchg_1,momentum_feature,float64,1,0.04
mkt_aluminum_chg_7,momentum_feature,float64,7,0.27
mkt_aluminum_pchg_7,momentum_feature,float64,7,0.27
mkt_aluminum_chg_14,momentum_feature,float64,14,0.54
mkt_aluminum_pchg_14,momentum_feature,float64,14,0.54
target_kdci_1d,forecast_target,float64,1,0.04
target_kdci_7d,forecast_target,float64,7,0.27
target_kdci_14d,forecast_target,float64,14,0.54
target_kdci_30d,forecast_target,float64,30,1.16
target_cape_1d,forecast_target,float64,19,0.74
target_cape_7d,forecast_target,float64,25,0.97
target_cape_14d,forecast_target,float64,32,1.24
target_cape_30d,forecast_target,float64,48,1.86
target_panamax_1d,forecast_target,float64,3,0.12
target_panamax_7d,forecast_target,float64,9,0.35
target_panamax_14d,forecast_target,float64,16,0.62
target_panamax_30d,forecast_target,float64,31,1.2
target_supramax_1d,forecast_target,float64,3,0.12
target_supramax_7d,forecast_target,float64,9,0.35
target_supramax_14d,forecast_target,float64,16,0.62
target_supramax_30d,forecast_target,float64,32,1.24
target_handy_1d,forecast_target,float64,3,0.12
target_handy_7d,forecast_target,float64,9,0.35
target_handy_14d,forecast_target,float64,16,0.62
target_handy_30d,forecast_target,float64,32,1.24
dir_kdci_1d,directional_target,float64,1,0.04
dir_kdci_7d,directional_target,float64,7,0.27
dir_kdci_14d,directional_target,float64,14,0.54
dir_kdci_30d,directional_target,float64,30,1.16
dir_cape_1d,directional_target,float64,32,1.24
dir_cape_7d,directional_target,float64,43,1.67
dir_cape_14d,directional_target,float64,50,1.94
dir_cape_30d,directional_target,float64,66,2.56
dir_panamax_1d,directional_target,float64,5,0.19
dir_panamax_7d,directional_target,float64,11,0.43
dir_panamax_14d,directional_target,float64,18,0.7
dir_panamax_30d,directional_target,float64,33,1.28
dir_supramax_1d,directional_target,float64,4,0.15
dir_supramax_7d,directional_target,float64,11,0.43
dir_supramax_14d,directional_target,float64,18,0.7
dir_supramax_30d,directional_target,float64,34,1.32
dir_handy_1d,directional_target,float64,4,0.15
dir_handy_7d,directional_target,float64,11,0.43
dir_handy_14d,directional_target,float64,18,0.7
dir_handy_30d,directional_target,float64,34,1.32
gdelt_event_count,gdelt_feature,float64,0,0.0
gdelt_geo_relevant_count,gdelt_feature,float64,0,0.0
gdelt_india_relevant_count,gdelt_feature,float64,0,0.0
gdelt_maritime_relevant_count,gdelt_feature,float64,0,0.0
gdelt_high_intensity_count,gdelt_feature,float64,0,0.0
gdelt_med_intensity_count,gdelt_feature,float64,0,0.0
gdelt_low_intensity_count,gdelt_feature,float64,0,0.0
gdelt_mean_intensity,gdelt_feature,float64,0,0.0
gdelt_total_mentions,gdelt_feature,float64,0,0.0
gdelt_total_sources,gdelt_feature,float64,0,0.0
gdelt_total_articles,gdelt_feature,float64,0,0.0
gdelt_mean_media_attention,gdelt_feature,float64,0,0.0
gdelt_max_media_attention,gdelt_feature,float64,0,0.0
gdelt_mean_tone,gdelt_feature,float64,0,0.0
gdelt_min_tone,gdelt_feature,float64,0,0.0
gdelt_mean_tone_negativity,gdelt_feature,float64,0,0.0
gdelt_max_tone_negativity,gdelt_feature,float64,0,0.0
gdelt_mean_goldstein,gdelt_feature,float64,0,0.0
gdelt_min_goldstein,gdelt_feature,float64,0,0.0
gdelt_mean_goldstein_magnitude,gdelt_feature,float64,0,0.0
gdelt_max_goldstein_magnitude,gdelt_feature,float64,0,0.0
gdelt_event_count_sum_3d,gdelt_feature,float64,0,0.0
gdelt_geo_relevant_count_sum_3d,gdelt_feature,float64,0,0.0
gdelt_india_relevant_count_sum_3d,gdelt_feature,float64,0,0.0
gdelt_high_intensity_count_sum_3d,gdelt_feature,float64,0,0.0
gdelt_mean_intensity_ma_3d,gdelt_feature,float64,0,0.0
gdelt_total_mentions_sum_3d,gdelt_feature,float64,0,0.0
gdelt_mean_tone_negativity_ma_3d,gdelt_feature,float64,0,0.0
gdelt_mean_goldstein_magnitude_ma_3d,gdelt_feature,float64,0,0.0
gdelt_event_count_sum_7d,gdelt_feature,float64,0,0.0
gdelt_geo_relevant_count_sum_7d,gdelt_feature,float64,0,0.0
gdelt_india_relevant_count_sum_7d,gdelt_feature,float64,0,0.0
gdelt_high_intensity_count_sum_7d,gdelt_feature,float64,0,0.0
gdelt_mean_intensity_ma_7d,gdelt_feature,float64,0,0.0
gdelt_total_mentions_sum_7d,gdelt_feature,float64,0,0.0
gdelt_mean_tone_negativity_ma_7d,gdelt_feature,float64,0,0.0
gdelt_mean_goldstein_magnitude_ma_7d,gdelt_feature,float64,0,0.0
gdelt_event_count_sum_14d,gdelt_feature,float64,0,0.0
gdelt_geo_relevant_count_sum_14d,gdelt_feature,float64,0,0.0
gdelt_india_relevant_count_sum_14d,gdelt_feature,float64,0,0.0
gdelt_high_intensity_count_sum_14d,gdelt_feature,float64,0,0.0
gdelt_mean_intensity_ma_14d,gdelt_feature,float64,0,0.0
gdelt_total_mentions_sum_14d,gdelt_feature,float64,0,0.0
gdelt_mean_tone_negativity_ma_14d,gdelt_feature,float64,0,0.0
gdelt_mean_goldstein_magnitude_ma_14d,gdelt_feature,float64,0,0.0
gdelt_event_count_sum_30d,gdelt_feature,float64,0,0.0
gdelt_geo_relevant_count_sum_30d,gdelt_feature,float64,0,0.0
gdelt_india_relevant_count_sum_30d,gdelt_feature,float64,0,0.0
gdelt_high_intensity_count_sum_30d,gdelt_feature,float64,0,0.0
gdelt_mean_intensity_ma_30d,gdelt_feature,float64,0,0.0
gdelt_total_mentions_sum_30d,gdelt_feature,float64,0,0.0
gdelt_mean_tone_negativity_ma_30d,gdelt_feature,float64,0,0.0
gdelt_mean_goldstein_magnitude_ma_30d,gdelt_feature,float64,0,0.0
cyclone_active_count,cyclone_feature,float64,0,0.0
cyclone_max_wind,cyclone_feature,float64,0,0.0
cyclone_min_pressure,cyclone_feature,float64,0,0.0
cyclone_port_exposure,cyclone_feature,float64,0,0.0
cyclone_num_exposed_ports,cyclone_feature,float64,0,0.0
cyclone_landfall_any,cyclone_feature,float64,0,0.0
cyclone_active,cyclone_feature,float64,0,0.0
cyclone_active_sum_7d,cyclone_feature,float64,0,0.0
cyclone_max_wind_7d,cyclone_feature,float64,0,0.0
cyclone_exposure_sum_7d,cyclone_feature,float64,0,0.0
cyclone_active_sum_14d,cyclone_feature,float64,0,0.0
cyclone_max_wind_14d,cyclone_feature,float64,0,0.0
cyclone_exposure_sum_14d,cyclone_feature,float64,0,0.0
cyclone_active_sum_30d,cyclone_feature,float64,0,0.0
cyclone_max_wind_30d,cyclone_feature,float64,0,0.0
cyclone_exposure_sum_30d,cyclone_feature,float64,0,0.0
wx_dha_temp_max,weather_feature,float64,0,0.0
wx_dha_temp_mean,weather_feature,float64,0,0.0
wx_dha_precip_mm,weather_feature,float64,0,0.0
wx_dha_wind_max,weather_feature,float64,0,0.0
wx_dha_gust_max,weather_feature,float64,0,0.0
wx_dha_wx_code,weather_feature,int64,0,0.0
wx_gan_temp_max,weather_feature,float64,0,0.0
wx_gan_temp_mean,weather_feature,float64,0,0.0
wx_gan_precip_mm,weather_feature,float64,0,0.0
wx_gan_wind_max,weather_feature,float64,0,0.0
wx_gan_gust_max,weather_feature,float64,0,0.0
wx_gan_wx_code,weather_feature,int64,0,0.0
wx_hal_temp_max,weather_feature,float64,0,0.0
wx_hal_temp_mean,weather_feature,float64,0,0.0
wx_hal_precip_mm,weather_feature,float64,0,0.0
wx_hal_wind_max,weather_feature,float64,0,0.0
wx_hal_gust_max,weather_feature,float64,0,0.0
wx_hal_wx_code,weather_feature,int64,0,0.0
wx_par_temp_max,weather_feature,float64,0,0.0
wx_par_temp_mean,weather_feature,float64,0,0.0
wx_par_precip_mm,weather_feature,float64,0,0.0
wx_par_wind_max,weather_feature,float64,0,0.0
wx_par_gust_max,weather_feature,float64,0,0.0
wx_par_wx_code,weather_feature,int64,0,0.0
wx_viz_temp_max,weather_feature,float64,0,0.0
wx_viz_temp_mean,weather_feature,float64,0,0.0
wx_viz_precip_mm,weather_feature,float64,0,0.0
wx_viz_wind_max,weather_feature,float64,0,0.0
wx_viz_gust_max,weather_feature,float64,0,0.0
wx_viz_wx_code,weather_feature,int64,0,0.0
wx_all_wind_max,weather_feature,float64,0,0.0
wx_all_wind_mean,weather_feature,float64,0,0.0
wx_all_gust_max,weather_feature,float64,0,0.0
wx_all_precip_max,weather_feature,float64,0,0.0
wx_all_precip_mean,weather_feature,float64,0,0.0
wx_all_precip_sum,weather_feature,float64,0,0.0
wx_all_temp_max,weather_feature,float64,0,0.0
wx_all_temp_mean,weather_feature,float64,0,0.0
wx_high_wind_indicator,weather_feature,int64,0,0.0
wx_heavy_precip_indicator,weather_feature,int64,0,0.0
wx_adverse_indicator,weather_feature,int64,0,0.0
wx_hal_high_wind,weather_feature,int64,0,0.0
wx_hal_heavy_precip,weather_feature,int64,0,0.0
wx_par_high_wind,weather_feature,int64,0,0.0
wx_par_heavy_precip,weather_feature,int64,0,0.0
wx_dha_high_wind,weather_feature,int64,0,0.0
wx_dha_heavy_precip,weather_feature,int64,0,0.0
wx_viz_high_wind,weather_feature,int64,0,0.0
wx_viz_heavy_precip,weather_feature,int64,0,0.0
wx_gan_high_wind,weather_feature,int64,0,0.0
wx_gan_heavy_precip,weather_feature,int64,0,0.0
wx_ports_high_wind_count,weather_feature,int64,0,0.0
wx_ports_heavy_precip_count,weather_feature,int64,0,0.0
wx_wind_max_3d,weather_feature,float64,0,0.0
wx_precip_max_3d,weather_feature,float64,0,0.0
wx_precip_mean_3d,weather_feature,float64,0,0.0
wx_adverse_sum_3d,weather_feature,float64,0,0.0
wx_wind_max_7d,weather_feature,float64,0,0.0
wx_precip_max_7d,weather_feature,float64,0,0.0
wx_precip_mean_7d,weather_feature,float64,0,0.0
wx_adverse_sum_7d,weather_feature,float64,0,0.0
