feature,source,transformation,lookback,information_cutoff,target_dependency,future_dependency,status,reason
kdci,Freight Rates,Direct/Lag/Rolling,Historical,<= t,No,No,VERIFIED,Clean historical feature computed strictly at or before t
cape,Freight Rates,Direct/Lag/Rolling,Historical,<= t,No,No,VERIFIED,Clean historical feature computed strictly at or before t
panamax,Freight Rates,Direct/Lag/Rolling,Historical,<= t,No,No,VERIFIED,Clean historical feature computed strictly at or before t
supramax,Freight Rates,Direct/Lag/Rolling,Historical,<= t,No,No,VERIFIED,Clean historical feature computed strictly at or before t
handy,Freight Rates,Direct/Lag/Rolling,Historical,<= t,No,No,VERIFIED,Clean historical feature computed strictly at or before t
mc6,Macro Indicator / Derived,Direct/Lag/Rolling,Historical,<= t,No,No,VERIFIED,Clean historical feature computed strictly at or before t
mc7,Macro Indicator / Derived,Direct/Lag/Rolling,Historical,<= t,No,No,VERIFIED,Clean historical feature computed strictly at or before t
mc8,Macro Indicator / Derived,Direct/Lag/Rolling,Historical,<= t,No,No,VERIFIED,Clean historical feature computed strictly at or before t
mc9,Macro Indicator / Derived,Direct/Lag/Rolling,Historical,<= t,No,No,VERIFIED,Clean historical feature computed strictly at or before t
mp1,Macro Indicator / Derived,Direct/Lag/Rolling,Historical,<= t,No,No,VERIFIED,Clean historical feature computed strictly at or before t
mp2,Macro Indicator / Derived,Direct/Lag/Rolling,Historical,<= t,No,No,VERIFIED,Clean historical feature computed strictly at or before t
mp3,Macro Indicator / Derived,Direct/Lag/Rolling,Historical,<= t,No,No,VERIFIED,Clean historical feature computed strictly at or before t
mp4,Macro Indicator / Derived,Direct/Lag/Rolling,Historical,<= t,No,No,VERIFIED,Clean historical feature computed strictly at or before t
mp5,Macro Indicator / Derived,Direct/Lag/Rolling,Historical,<= t,No,No,VERIFIED,Clean historical feature computed strictly at or before t
mp6,Macro Indicator / Derived,Direct/Lag/Rolling,Historical,<= t,No,No,VERIFIED,Clean historical feature computed strictly at or before t
mp7,Macro Indicator / Derived,Direct/Lag/Rolling,Historical,<= t,No,No,VERIFIED,Clean historical feature computed strictly at or before t
ms1,Macro Indicator / Derived,Direct/Lag/Rolling,Historical,<= t,No,No,VERIFIED,Clean historical feature computed strictly at or before t
ms2,Macro Indicator / Derived,Direct/Lag/Rolling,Historical,<= t,No,No,VERIFIED,Clean historical feature computed strictly at or before t
ms4,Macro Indicator / Derived,Direct/Lag/Rolling,Historical,<= t,No,No,VERIFIED,Clean historical feature computed strictly at or before t
ms5,Macro Indicator / Derived,Direct/Lag/Rolling,Historical,<= t,No,No,VERIFIED,Clean historical feature computed strictly at or before t
ms6,Macro Indicator / Derived,Direct/Lag/Rolling,Historical,<= t,No,No,VERIFIED,Clean historical feature computed strictly at or before t
ms7,Macro Indicator / Derived,Direct/Lag/Rolling,Historical,<= t,No,No,VERIFIED,Clean historical feature computed strictly at or before t
mh1,Macro Indicator / Derived,Direct/Lag/Rolling,Historical,<= t,No,No,VERIFIED,Clean historical feature computed strictly at or before t
mh2,Macro Indicator / Derived,Direct/Lag/Rolling,Historical,<= t,No,No,VERIFIED,Clean historical feature computed strictly at or before t
mh3,Macro Indicator / Derived,Direct/Lag/Rolling,Historical,<= t,No,No,VERIFIED,Clean historical feature computed strictly at or before t
mh4,Macro Indicator / Derived,Direct/Lag/Rolling,Historical,<= t,No,No,VERIFIED,Clean historical feature computed strictly at or before t
mh5,Macro Indicator / Derived,Direct/Lag/Rolling,Historical,<= t,No,No,VERIFIED,Clean historical feature computed strictly at or before t
n10d,Macro Indicator / Derived,Direct/Lag/Rolling,Historical,<= t,No,No,VERIFIED,Clean historical feature computed strictly at or before t
gprd,Macro Indicator / Derived,Direct/Lag/Rolling,Historical,<= t,No,No,VERIFIED,Clean historical feature computed strictly at or before t
gprd_act,Macro Indicator / Derived,Direct/Lag/Rolling,Historical,<= t,No,No,VERIFIED,Clean historical feature computed strictly at or before t
gprd_threat,Macro Indicator / Derived,Direct/Lag/Rolling,Historical,<= t,No,No,VERIFIED,Clean historical feature computed strictly at or before t
gprd_ma7,Macro Indicator / Derived,Direct/Lag/Rolling,Historical,<= t,No,No,VERIFIED,Clean historical feature computed strictly at or before t
gprd_ma30,Macro Indicator / Derived,Direct/Lag/Rolling,Historical,<= t,No,No,VERIFIED,Clean historical feature computed strictly at or before t
usd_inr,Macro Indicator / Derived,Direct/Lag/Rolling,Historical,<= t,No,No,VERIFIED,Clean historical feature computed strictly at or before t
brent_usd_per_barrel,Commodity / Fuel Prices,Direct/Lag/Rolling,Historical,<= t,No,No,VERIFIED,Clean historical feature computed strictly at or before t
wti_usd_per_barrel,Macro Indicator / Derived,Direct/Lag/Rolling,Historical,<= t,No,No,VERIFIED,Clean historical feature computed strictly at or before t
gscpi,Macro Indicator / Derived,Direct/Lag/Rolling,Historical,<= t,No,No,VERIFIED,Clean historical feature computed strictly at or before t
coal_australian,Commodity / Fuel Prices,Direct/Lag/Rolling,Historical,<= t,No,No,VERIFIED,Clean historical feature computed strictly at or before t
coal_south_african,Commodity / Fuel Prices,Direct/Lag/Rolling,Historical,<= t,No,No,VERIFIED,Clean historical feature computed strictly at or before t
iron_ore_cfr_spot,Commodity / Fuel Prices,Direct/Lag/Rolling,Historical,<= t,No,No,VERIFIED,Clean historical feature computed strictly at or before t
copper,Macro Indicator / Derived,Direct/Lag/Rolling,Historical,<= t,No,No,VERIFIED,Clean historical feature computed strictly at or before t
aluminum,Macro Indicator / Derived,Direct/Lag/Rolling,Historical,<= t,No,No,VERIFIED,Clean historical feature computed strictly at or before t
dap,Macro Indicator / Derived,Direct/Lag/Rolling,Historical,<= t,No,No,VERIFIED,Clean historical feature computed strictly at or before t
tsp,Macro Indicator / Derived,Direct/Lag/Rolling,Historical,<= t,No,No,VERIFIED,Clean historical feature computed strictly at or before t
urea,Macro Indicator / Derived,Direct/Lag/Rolling,Historical,<= t,No,No,VERIFIED,Clean historical feature computed strictly at or before t
potassium_chloride,Macro Indicator / Derived,Direct/Lag/Rolling,Historical,<= t,No,No,VERIFIED,Clean historical feature computed strictly at or before t
kdci_lag_1,Freight Rates,Direct/Lag/Rolling,Historical,<= t,No,No,VERIFIED,Clean historical feature computed strictly at or before t
kdci_lag_3,Freight Rates,Direct/Lag/Rolling,Historical,<= t,No,No,VERIFIED,Clean historical feature computed strictly at or before t
kdci_lag_7,Freight Rates,Direct/Lag/Rolling,Historical,<= t,No,No,VERIFIED,Clean historical feature computed strictly at or before t
kdci_lag_14,Freight Rates,Direct/Lag/Rolling,Historical,<= t,No,No,VERIFIED,Clean historical feature computed strictly at or before t
kdci_lag_30,Freight Rates,Direct/Lag/Rolling,Historical,<= t,No,No,VERIFIED,Clean historical feature computed strictly at or before t
kdci_lag_60,Freight Rates,Direct/Lag/Rolling,Historical,<= t,No,No,VERIFIED,Clean historical feature computed strictly at or before t
kdci_lag_90,Freight Rates,Direct/Lag/Rolling,Historical,<= t,No,No,VERIFIED,Clean historical feature computed strictly at or before t
cape_lag_1,Freight Rates,Direct/Lag/Rolling,Historical,<= t,No,No,VERIFIED,Clean historical feature computed strictly at or before t
cape_lag_3,Freight Rates,Direct/Lag/Rolling,Historical,<= t,No,No,VERIFIED,Clean historical feature computed strictly at or before t
cape_lag_7,Freight Rates,Direct/Lag/Rolling,Historical,<= t,No,No,VERIFIED,Clean historical feature computed strictly at or before t
cape_lag_14,Freight Rates,Direct/Lag/Rolling,Historical,<= t,No,No,VERIFIED,Clean historical feature computed strictly at or before t
cape_lag_30,Freight Rates,Direct/Lag/Rolling,Historical,<= t,No,No,VERIFIED,Clean historical feature computed strictly at or before t
cape_lag_60,Freight Rates,Direct/Lag/Rolling,Historical,<= t,No,No,VERIFIED,Clean historical feature computed strictly at or before t
cape_lag_90,Freight Rates,Direct/Lag/Rolling,Historical,<= t,No,No,VERIFIED,Clean historical feature computed strictly at or before t
panamax_lag_1,Freight Rates,Direct/Lag/Rolling,Historical,<= t,No,No,VERIFIED,Clean historical feature computed strictly at or before t
panamax_lag_3,Freight Rates,Direct/Lag/Rolling,Historical,<= t,No,No,VERIFIED,Clean historical feature computed strictly at or before t
panamax_lag_7,Freight Rates,Direct/Lag/Rolling,Historical,<= t,No,No,VERIFIED,Clean historical feature computed strictly at or before t
panamax_lag_14,Freight Rates,Direct/Lag/Rolling,Historical,<= t,No,No,VERIFIED,Clean historical feature computed strictly at or before t
panamax_lag_30,Freight Rates,Direct/Lag/Rolling,Historical,<= t,No,No,VERIFIED,Clean historical feature computed strictly at or before t
panamax_lag_60,Freight Rates,Direct/Lag/Rolling,Historical,<= t,No,No,VERIFIED,Clean historical feature computed strictly at or before t
panamax_lag_90,Freight Rates,Direct/Lag/Rolling,Historical,<= t,No,No,VERIFIED,Clean historical feature computed strictly at or before t
supramax_lag_1,Freight Rates,Direct/Lag/Rolling,Historical,<= t,No,No,VERIFIED,Clean historical feature computed strictly at or before t
supramax_lag_3,Freight Rates,Direct/Lag/Rolling,Historical,<= t,No,No,VERIFIED,Clean historical feature computed strictly at or before t
supramax_lag_7,Freight Rates,Direct/Lag/Rolling,Historical,<= t,No,No,VERIFIED,Clean historical feature computed strictly at or before t
supramax_lag_14,Freight Rates,Direct/Lag/Rolling,Historical,<= t,No,No,VERIFIED,Clean historical feature computed strictly at or before t
supramax_lag_30,Freight Rates,Direct/Lag/Rolling,Historical,<= t,No,No,VERIFIED,Clean historical feature computed strictly at or before t
supramax_lag_60,Freight Rates,Direct/Lag/Rolling,Historical,<= t,No,No,VERIFIED,Clean historical feature computed strictly at or before t
supramax_lag_90,Freight Rates,Direct/Lag/Rolling,Historical,<= t,No,No,VERIFIED,Clean historical feature computed strictly at or before t
handy_lag_1,Freight Rates,Direct/Lag/Rolling,Historical,<= t,No,No,VERIFIED,Clean historical feature computed strictly at or before t
handy_lag_3,Freight Rates,Direct/Lag/Rolling,Historical,<= t,No,No,VERIFIED,Clean historical feature computed strictly at or before t
handy_lag_7,Freight Rates,Direct/Lag/Rolling,Historical,<= t,No,No,VERIFIED,Clean historical feature computed strictly at or before t
handy_lag_14,Freight Rates,Direct/Lag/Rolling,Historical,<= t,No,No,VERIFIED,Clean historical feature computed strictly at or before t
handy_lag_30,Freight Rates,Direct/Lag/Rolling,Historical,<= t,No,No,VERIFIED,Clean historical feature computed strictly at or before t
handy_lag_60,Freight Rates,Direct/Lag/Rolling,Historical,<= t,No,No,VERIFIED,Clean historical feature computed strictly at or before t
handy_lag_90,Freight Rates,Direct/Lag/Rolling,Historical,<= t,No,No,VERIFIED,Clean historical feature computed strictly at or before t
kdci_rmean_7,Freight Rates,Direct/Lag/Rolling,Historical,<= t,No,No,VERIFIED,Clean historical feature computed strictly at or before t
kdci_rstd_7,Freight Rates,Direct/Lag/Rolling,Historical,<= t,No,No,VERIFIED,Clean historical feature computed strictly at or before t
kdci_rmean_14,Freight Rates,Direct/Lag/Rolling,Historical,<= t,No,No,VERIFIED,Clean historical feature computed strictly at or before t
kdci_rstd_14,Freight Rates,Direct/Lag/Rolling,Historical,<= t,No,No,VERIFIED,Clean historical feature computed strictly at or before t
kdci_rmean_30,Freight Rates,Direct/Lag/Rolling,Historical,<= t,No,No,VERIFIED,Clean historical feature computed strictly at or before t
kdci_rstd_30,Freight Rates,Direct/Lag/Rolling,Historical,<= t,No,No,VERIFIED,Clean historical feature computed strictly at or before t
cape_rmean_7,Freight Rates,Direct/Lag/Rolling,Historical,<= t,No,No,VERIFIED,Clean historical feature computed strictly at or before t
cape_rstd_7,Freight Rates,Direct/Lag/Rolling,Historical,<= t,No,No,VERIFIED,Clean historical feature computed strictly at or before t
cape_rmean_14,Freight Rates,Direct/Lag/Rolling,Historical,<= t,No,No,VERIFIED,Clean historical feature computed strictly at or before t
cape_rstd_14,Freight Rates,Direct/Lag/Rolling,Historical,<= t,No,No,VERIFIED,Clean historical feature computed strictly at or before t
cape_rmean_30,Freight Rates,Direct/Lag/Rolling,Historical,<= t,No,No,VERIFIED,Clean historical feature computed strictly at or before t
cape_rstd_30,Freight Rates,Direct/Lag/Rolling,Historical,<= t,No,No,VERIFIED,Clean historical feature computed strictly at or before t
panamax_rmean_7,Freight Rates,Direct/Lag/Rolling,Historical,<= t,No,No,VERIFIED,Clean historical feature computed strictly at or before t
panamax_rstd_7,Freight Rates,Direct/Lag/Rolling,Historical,<= t,No,No,VERIFIED,Clean historical feature computed strictly at or before t
panamax_rmean_14,Freight Rates,Direct/Lag/Rolling,Historical,<= t,No,No,VERIFIED,Clean historical feature computed strictly at or before t
panamax_rstd_14,Freight Rates,Direct/Lag/Rolling,Historical,<= t,No,No,VERIFIED,Clean historical feature computed strictly at or before t
panamax_rmean_30,Freight Rates,Direct/Lag/Rolling,Historical,<= t,No,No,VERIFIED,Clean historical feature computed strictly at or before t
panamax_rstd_30,Freight Rates,Direct/Lag/Rolling,Historical,<= t,No,No,VERIFIED,Clean historical feature computed strictly at or before t
supramax_rmean_7,Freight Rates,Direct/Lag/Rolling,Historical,<= t,No,No,VERIFIED,Clean historical feature computed strictly at or before t
supramax_rstd_7,Freight Rates,Direct/Lag/Rolling,Historical,<= t,No,No,VERIFIED,Clean historical feature computed strictly at or before t
supramax_rmean_14,Freight Rates,Direct/Lag/Rolling,Historical,<= t,No,No,VERIFIED,Clean historical feature computed strictly at or before t
supramax_rstd_14,Freight Rates,Direct/Lag/Rolling,Historical,<= t,No,No,VERIFIED,Clean historical feature computed strictly at or before t
supramax_rmean_30,Freight Rates,Direct/Lag/Rolling,Historical,<= t,No,No,VERIFIED,Clean historical feature computed strictly at or before t
supramax_rstd_30,Freight Rates,Direct/Lag/Rolling,Historical,<= t,No,No,VERIFIED,Clean historical feature computed strictly at or before t
handy_rmean_7,Freight Rates,Direct/Lag/Rolling,Historical,<= t,No,No,VERIFIED,Clean historical feature computed strictly at or before t
handy_rstd_7,Freight Rates,Direct/Lag/Rolling,Historical,<= t,No,No,VERIFIED,Clean historical feature computed strictly at or before t
handy_rmean_14,Freight Rates,Direct/Lag/Rolling,Historical,<= t,No,No,VERIFIED,Clean historical feature computed strictly at or before t
handy_rstd_14,Freight Rates,Direct/Lag/Rolling,Historical,<= t,No,No,VERIFIED,Clean historical feature computed strictly at or before t
handy_rmean_30,Freight Rates,Direct/Lag/Rolling,Historical,<= t,No,No,VERIFIED,Clean historical feature computed strictly at or before t
handy_rstd_30,Freight Rates,Direct/Lag/Rolling,Historical,<= t,No,No,VERIFIED,Clean historical feature computed strictly at or before t
kdci_chg_1,Freight Rates,Direct/Lag/Rolling,Historical,<= t,No,No,VERIFIED,Clean historical feature computed strictly at or before t
kdci_pchg_1,Freight Rates,Direct/Lag/Rolling,Historical,<= t,No,No,VERIFIED,Clean historical feature computed strictly at or before t
kdci_chg_7,Freight Rates,Direct/Lag/Rolling,Historical,<= t,No,No,VERIFIED,Clean historical feature computed strictly at or before t
kdci_pchg_7,Freight Rates,Direct/Lag/Rolling,Historical,<= t,No,No,VERIFIED,Clean historical feature computed strictly at or before t
kdci_chg_14,Freight Rates,Direct/Lag/Rolling,Historical,<= t,No,No,VERIFIED,Clean historical feature computed strictly at or before t
kdci_pchg_14,Freight Rates,Direct/Lag/Rolling,Historical,<= t,No,No,VERIFIED,Clean historical feature computed strictly at or before t
kdci_chg_30,Freight Rates,Direct/Lag/Rolling,Historical,<= t,No,No,VERIFIED,Clean historical feature computed strictly at or before t
kdci_pchg_30,Freight Rates,Direct/Lag/Rolling,Historical,<= t,No,No,VERIFIED,Clean historical feature computed strictly at or before t
cape_chg_1,Freight Rates,Direct/Lag/Rolling,Historical,<= t,No,No,VERIFIED,Clean historical feature computed strictly at or before t
cape_pchg_1,Freight Rates,Direct/Lag/Rolling,Historical,<= t,No,No,VERIFIED,Clean historical feature computed strictly at or before t
cape_chg_7,Freight Rates,Direct/Lag/Rolling,Historical,<= t,No,No,VERIFIED,Clean historical feature computed strictly at or before t
cape_pchg_7,Freight Rates,Direct/Lag/Rolling,Historical,<= t,No,No,VERIFIED,Clean historical feature computed strictly at or before t
cape_chg_14,Freight Rates,Direct/Lag/Rolling,Historical,<= t,No,No,VERIFIED,Clean historical feature computed strictly at or before t
cape_pchg_14,Freight Rates,Direct/Lag/Rolling,Historical,<= t,No,No,VERIFIED,Clean historical feature computed strictly at or before t
cape_chg_30,Freight Rates,Direct/Lag/Rolling,Historical,<= t,No,No,VERIFIED,Clean historical feature computed strictly at or before t
cape_pchg_30,Freight Rates,Direct/Lag/Rolling,Historical,<= t,No,No,VERIFIED,Clean historical feature computed strictly at or before t
panamax_chg_1,Freight Rates,Direct/Lag/Rolling,Historical,<= t,No,No,VERIFIED,Clean historical feature computed strictly at or before t
panamax_pchg_1,Freight Rates,Direct/Lag/Rolling,Historical,<= t,No,No,VERIFIED,Clean historical feature computed strictly at or before t
panamax_chg_7,Freight Rates,Direct/Lag/Rolling,Historical,<= t,No,No,VERIFIED,Clean historical feature computed strictly at or before t
panamax_pchg_7,Freight Rates,Direct/Lag/Rolling,Historical,<= t,No,No,VERIFIED,Clean historical feature computed strictly at or before t
panamax_chg_14,Freight Rates,Direct/Lag/Rolling,Historical,<= t,No,No,VERIFIED,Clean historical feature computed strictly at or before t
panamax_pchg_14,Freight Rates,Direct/Lag/Rolling,Historical,<= t,No,No,VERIFIED,Clean historical feature computed strictly at or before t
panamax_chg_30,Freight Rates,Direct/Lag/Rolling,Historical,<= t,No,No,VERIFIED,Clean historical feature computed strictly at or before t
panamax_pchg_30,Freight Rates,Direct/Lag/Rolling,Historical,<= t,No,No,VERIFIED,Clean historical feature computed strictly at or before t
supramax_chg_1,Freight Rates,Direct/Lag/Rolling,Historical,<= t,No,No,VERIFIED,Clean historical feature computed strictly at or before t
supramax_pchg_1,Freight Rates,Direct/Lag/Rolling,Historical,<= t,No,No,VERIFIED,Clean historical feature computed strictly at or before t
supramax_chg_7,Freight Rates,Direct/Lag/Rolling,Historical,<= t,No,No,VERIFIED,Clean historical feature computed strictly at or before t
supramax_pchg_7,Freight Rates,Direct/Lag/Rolling,Historical,<= t,No,No,VERIFIED,Clean historical feature computed strictly at or before t
supramax_chg_14,Freight Rates,Direct/Lag/Rolling,Historical,<= t,No,No,VERIFIED,Clean historical feature computed strictly at or before t
supramax_pchg_14,Freight Rates,Direct/Lag/Rolling,Historical,<= t,No,No,VERIFIED,Clean historical feature computed strictly at or before t
supramax_chg_30,Freight Rates,Direct/Lag/Rolling,Historical,<= t,No,No,VERIFIED,Clean historical feature computed strictly at or before t
supramax_pchg_30,Freight Rates,Direct/Lag/Rolling,Historical,<= t,No,No,VERIFIED,Clean historical feature computed strictly at or before t
handy_chg_1,Freight Rates,Direct/Lag/Rolling,Historical,<= t,No,No,VERIFIED,Clean historical feature computed strictly at or before t
handy_pchg_1,Freight Rates,Direct/Lag/Rolling,Historical,<= t,No,No,VERIFIED,Clean historical feature computed strictly at or before t
handy_chg_7,Freight Rates,Direct/Lag/Rolling,Historical,<= t,No,No,VERIFIED,Clean historical feature computed strictly at or before t
handy_pchg_7,Freight Rates,Direct/Lag/Rolling,Historical,<= t,No,No,VERIFIED,Clean historical feature computed strictly at or before t
handy_chg_14,Freight Rates,Direct/Lag/Rolling,Historical,<= t,No,No,VERIFIED,Clean historical feature computed strictly at or before t
handy_pchg_14,Freight Rates,Direct/Lag/Rolling,Historical,<= t,No,No,VERIFIED,Clean historical feature computed strictly at or before t
handy_chg_30,Freight Rates,Direct/Lag/Rolling,Historical,<= t,No,No,VERIFIED,Clean historical feature computed strictly at or before t
handy_pchg_30,Freight Rates,Direct/Lag/Rolling,Historical,<= t,No,No,VERIFIED,Clean historical feature computed strictly at or before t
mkt_usd_inr_lag_1,Macro Indicator / Derived,Direct/Lag/Rolling,Historical,<= t,No,No,VERIFIED,Clean historical feature computed strictly at or before t
mkt_usd_inr_lag_7,Macro Indicator / Derived,Direct/Lag/Rolling,Historical,<= t,No,No,VERIFIED,Clean historical feature computed strictly at or before t
mkt_usd_inr_lag_14,Macro Indicator / Derived,Direct/Lag/Rolling,Historical,<= t,No,No,VERIFIED,Clean historical feature computed strictly at or before t
mkt_usd_inr_lag_30,Macro Indicator / Derived,Direct/Lag/Rolling,Historical,<= t,No,No,VERIFIED,Clean historical feature computed strictly at or before t
mkt_brent_usd_per_barrel_lag_1,Commodity / Fuel Prices,Direct/Lag/Rolling,Historical,<= t,No,No,VERIFIED,Clean historical feature computed strictly at or before t
mkt_brent_usd_per_barrel_lag_7,Commodity / Fuel Prices,Direct/Lag/Rolling,Historical,<= t,No,No,VERIFIED,Clean historical feature computed strictly at or before t
mkt_brent_usd_per_barrel_lag_14,Commodity / Fuel Prices,Direct/Lag/Rolling,Historical,<= t,No,No,VERIFIED,Clean historical feature computed strictly at or before t
mkt_brent_usd_per_barrel_lag_30,Commodity / Fuel Prices,Direct/Lag/Rolling,Historical,<= t,No,No,VERIFIED,Clean historical feature computed strictly at or before t
mkt_wti_usd_per_barrel_lag_1,Macro Indicator / Derived,Direct/Lag/Rolling,Historical,<= t,No,No,VERIFIED,Clean historical feature computed strictly at or before t
mkt_wti_usd_per_barrel_lag_7,Macro Indicator / Derived,Direct/Lag/Rolling,Historical,<= t,No,No,VERIFIED,Clean historical feature computed strictly at or before t
mkt_wti_usd_per_barrel_lag_14,Macro Indicator / Derived,Direct/Lag/Rolling,Historical,<= t,No,No,VERIFIED,Clean historical feature computed strictly at or before t
mkt_wti_usd_per_barrel_lag_30,Macro Indicator / Derived,Direct/Lag/Rolling,Historical,<= t,No,No,VERIFIED,Clean historical feature computed strictly at or before t
mkt_n10d_lag_1,Macro Indicator / Derived,Direct/Lag/Rolling,Historical,<= t,No,No,VERIFIED,Clean historical feature computed strictly at or before t
mkt_n10d_lag_7,Macro Indicator / Derived,Direct/Lag/Rolling,Historical,<= t,No,No,VERIFIED,Clean historical feature computed strictly at or before t
mkt_n10d_lag_14,Macro Indicator / Derived,Direct/Lag/Rolling,Historical,<= t,No,No,VERIFIED,Clean historical feature computed strictly at or before t
mkt_n10d_lag_30,Macro Indicator / Derived,Direct/Lag/Rolling,Historical,<= t,No,No,VERIFIED,Clean historical feature computed strictly at or before t
mkt_gprd_lag_1,Macro Indicator / Derived,Direct/Lag/Rolling,Historical,<= t,No,No,VERIFIED,Clean historical feature computed strictly at or before t
mkt_gprd_lag_7,Macro Indicator / Derived,Direct/Lag/Rolling,Historical,<= t,No,No,VERIFIED,Clean historical feature computed strictly at or before t
mkt_gprd_lag_14,Macro Indicator / Derived,Direct/Lag/Rolling,Historical,<= t,No,No,VERIFIED,Clean historical feature computed strictly at or before t
mkt_gprd_lag_30,Macro Indicator / Derived,Direct/Lag/Rolling,Historical,<= t,No,No,VERIFIED,Clean historical feature computed strictly at or before t
mkt_iron_ore_cfr_spot_lag_1,Commodity / Fuel Prices,Direct/Lag/Rolling,Historical,<= t,No,No,VERIFIED,Clean historical feature computed strictly at or before t
mkt_iron_ore_cfr_spot_lag_7,Commodity / Fuel Prices,Direct/Lag/Rolling,Historical,<= t,No,No,VERIFIED,Clean historical feature computed strictly at or before t
mkt_iron_ore_cfr_spot_lag_14,Commodity / Fuel Prices,Direct/Lag/Rolling,Historical,<= t,No,No,VERIFIED,Clean historical feature computed strictly at or before t
mkt_iron_ore_cfr_spot_lag_30,Commodity / Fuel Prices,Direct/Lag/Rolling,Historical,<= t,No,No,VERIFIED,Clean historical feature computed strictly at or before t
mkt_coal_australian_lag_1,Commodity / Fuel Prices,Direct/Lag/Rolling,Historical,<= t,No,No,VERIFIED,Clean historical feature computed strictly at or before t
mkt_coal_australian_lag_7,Commodity / Fuel Prices,Direct/Lag/Rolling,Historical,<= t,No,No,VERIFIED,Clean historical feature computed strictly at or before t
mkt_coal_australian_lag_14,Commodity / Fuel Prices,Direct/Lag/Rolling,Historical,<= t,No,No,VERIFIED,Clean historical feature computed strictly at or before t
mkt_coal_australian_lag_30,Commodity / Fuel Prices,Direct/Lag/Rolling,Historical,<= t,No,No,VERIFIED,Clean historical feature computed strictly at or before t
mkt_coal_south_african_lag_1,Commodity / Fuel Prices,Direct/Lag/Rolling,Historical,<= t,No,No,VERIFIED,Clean historical feature computed strictly at or before t
mkt_coal_south_african_lag_7,Commodity / Fuel Prices,Direct/Lag/Rolling,Historical,<= t,No,No,VERIFIED,Clean historical feature computed strictly at or before t
mkt_coal_south_african_lag_14,Commodity / Fuel Prices,Direct/Lag/Rolling,Historical,<= t,No,No,VERIFIED,Clean historical feature computed strictly at or before t
mkt_coal_south_african_lag_30,Commodity / Fuel Prices,Direct/Lag/Rolling,Historical,<= t,No,No,VERIFIED,Clean historical feature computed strictly at or before t
mkt_copper_lag_1,Macro Indicator / Derived,Direct/Lag/Rolling,Historical,<= t,No,No,VERIFIED,Clean historical feature computed strictly at or before t
mkt_copper_lag_7,Macro Indicator / Derived,Direct/Lag/Rolling,Historical,<= t,No,No,VERIFIED,Clean historical feature computed strictly at or before t
mkt_copper_lag_14,Macro Indicator / Derived,Direct/Lag/Rolling,Historical,<= t,No,No,VERIFIED,Clean historical feature computed strictly at or before t
mkt_copper_lag_30,Macro Indicator / Derived,Direct/Lag/Rolling,Historical,<= t,No,No,VERIFIED,Clean historical feature computed strictly at or before t
mkt_aluminum_lag_1,Macro Indicator / Derived,Direct/Lag/Rolling,Historical,<= t,No,No,VERIFIED,Clean historical feature computed strictly at or before t
mkt_aluminum_lag_7,Macro Indicator / Derived,Direct/Lag/Rolling,Historical,<= t,No,No,VERIFIED,Clean historical feature computed strictly at or before t
mkt_aluminum_lag_14,Macro Indicator / Derived,Direct/Lag/Rolling,Historical,<= t,No,No,VERIFIED,Clean historical feature computed strictly at or before t
mkt_aluminum_lag_30,Macro Indicator / Derived,Direct/Lag/Rolling,Historical,<= t,No,No,VERIFIED,Clean historical feature computed strictly at or before t
mkt_usd_inr_rmean_7,Macro Indicator / Derived,Direct/Lag/Rolling,Historical,<= t,No,No,VERIFIED,Clean historical feature computed strictly at or before t
mkt_usd_inr_rstd_7,Macro Indicator / Derived,Direct/Lag/Rolling,Historical,<= t,No,No,VERIFIED,Clean historical feature computed strictly at or before t
mkt_usd_inr_rmean_14,Macro Indicator / Derived,Direct/Lag/Rolling,Historical,<= t,No,No,VERIFIED,Clean historical feature computed strictly at or before t
mkt_usd_inr_rstd_14,Macro Indicator / Derived,Direct/Lag/Rolling,Historical,<= t,No,No,VERIFIED,Clean historical feature computed strictly at or before t
mkt_usd_inr_rmean_30,Macro Indicator / Derived,Direct/Lag/Rolling,Historical,<= t,No,No,VERIFIED,Clean historical feature computed strictly at or before t
mkt_usd_inr_rstd_30,Macro Indicator / Derived,Direct/Lag/Rolling,Historical,<= t,No,No,VERIFIED,Clean historical feature computed strictly at or before t
mkt_brent_usd_per_barrel_rmean_7,Commodity / Fuel Prices,Direct/Lag/Rolling,Historical,<= t,No,No,VERIFIED,Clean historical feature computed strictly at or before t
mkt_brent_usd_per_barrel_rstd_7,Commodity / Fuel Prices,Direct/Lag/Rolling,Historical,<= t,No,No,VERIFIED,Clean historical feature computed strictly at or before t
mkt_brent_usd_per_barrel_rmean_14,Commodity / Fuel Prices,Direct/Lag/Rolling,Historical,<= t,No,No,VERIFIED,Clean historical feature computed strictly at or before t
mkt_brent_usd_per_barrel_rstd_14,Commodity / Fuel Prices,Direct/Lag/Rolling,Historical,<= t,No,No,VERIFIED,Clean historical feature computed strictly at or before t
mkt_brent_usd_per_barrel_rmean_30,Commodity / Fuel Prices,Direct/Lag/Rolling,Historical,<= t,No,No,VERIFIED,Clean historical feature computed strictly at or before t
mkt_brent_usd_per_barrel_rstd_30,Commodity / Fuel Prices,Direct/Lag/Rolling,Historical,<= t,No,No,VERIFIED,Clean historical feature computed strictly at or before t
mkt_wti_usd_per_barrel_rmean_7,Macro Indicator / Derived,Direct/Lag/Rolling,Historical,<= t,No,No,VERIFIED,Clean historical feature computed strictly at or before t
mkt_wti_usd_per_barrel_rstd_7,Macro Indicator / Derived,Direct/Lag/Rolling,Historical,<= t,No,No,VERIFIED,Clean historical feature computed strictly at or before t
mkt_wti_usd_per_barrel_rmean_14,Macro Indicator / Derived,Direct/Lag/Rolling,Historical,<= t,No,No,VERIFIED,Clean historical feature computed strictly at or before t
mkt_wti_usd_per_barrel_rstd_14,Macro Indicator / Derived,Direct/Lag/Rolling,Historical,<= t,No,No,VERIFIED,Clean historical feature computed strictly at or before t
mkt_wti_usd_per_barrel_rmean_30,Macro Indicator / Derived,Direct/Lag/Rolling,Historical,<= t,No,No,VERIFIED,Clean historical feature computed strictly at or before t
mkt_wti_usd_per_barrel_rstd_30,Macro Indicator / Derived,Direct/Lag/Rolling,Historical,<= t,No,No,VERIFIED,Clean historical feature computed strictly at or before t
mkt_n10d_rmean_7,Macro Indicator / Derived,Direct/Lag/Rolling,Historical,<= t,No,No,VERIFIED,Clean historical feature computed strictly at or before t
mkt_n10d_rstd_7,Macro Indicator / Derived,Direct/Lag/Rolling,Historical,<= t,No,No,VERIFIED,Clean historical feature computed strictly at or before t
mkt_n10d_rmean_14,Macro Indicator / Derived,Direct/Lag/Rolling,Historical,<= t,No,No,VERIFIED,Clean historical feature computed strictly at or before t
mkt_n10d_rstd_14,Macro Indicator / Derived,Direct/Lag/Rolling,Historical,<= t,No,No,VERIFIED,Clean historical feature computed strictly at or before t
mkt_n10d_rmean_30,Macro Indicator / Derived,Direct/Lag/Rolling,Historical,<= t,No,No,VERIFIED,Clean historical feature computed strictly at or before t
mkt_n10d_rstd_30,Macro Indicator / Derived,Direct/Lag/Rolling,Historical,<= t,No,No,VERIFIED,Clean historical feature computed strictly at or before t
mkt_gprd_rmean_7,Macro Indicator / Derived,Direct/Lag/Rolling,Historical,<= t,No,No,VERIFIED,Clean historical feature computed strictly at or before t
mkt_gprd_rstd_7,Macro Indicator / Derived,Direct/Lag/Rolling,Historical,<= t,No,No,VERIFIED,Clean historical feature computed strictly at or before t
mkt_gprd_rmean_14,Macro Indicator / Derived,Direct/Lag/Rolling,Historical,<= t,No,No,VERIFIED,Clean historical feature computed strictly at or before t
mkt_gprd_rstd_14,Macro Indicator / Derived,Direct/Lag/Rolling,Historical,<= t,No,No,VERIFIED,Clean historical feature computed strictly at or before t
mkt_gprd_rmean_30,Macro Indicator / Derived,Direct/Lag/Rolling,Historical,<= t,No,No,VERIFIED,Clean historical feature computed strictly at or before t
mkt_gprd_rstd_30,Macro Indicator / Derived,Direct/Lag/Rolling,Historical,<= t,No,No,VERIFIED,Clean historical feature computed strictly at or before t
mkt_iron_ore_cfr_spot_rmean_7,Commodity / Fuel Prices,Direct/Lag/Rolling,Historical,<= t,No,No,VERIFIED,Clean historical feature computed strictly at or before t
mkt_iron_ore_cfr_spot_rstd_7,Commodity / Fuel Prices,Direct/Lag/Rolling,Historical,<= t,No,No,VERIFIED,Clean historical feature computed strictly at or before t
mkt_iron_ore_cfr_spot_rmean_14,Commodity / Fuel Prices,Direct/Lag/Rolling,Historical,<= t,No,No,VERIFIED,Clean historical feature computed strictly at or before t
mkt_iron_ore_cfr_spot_rstd_14,Commodity / Fuel Prices,Direct/Lag/Rolling,Historical,<= t,No,No,VERIFIED,Clean historical feature computed strictly at or before t
mkt_iron_ore_cfr_spot_rmean_30,Commodity / Fuel Prices,Direct/Lag/Rolling,Historical,<= t,No,No,VERIFIED,Clean historical feature computed strictly at or before t
mkt_iron_ore_cfr_spot_rstd_30,Commodity / Fuel Prices,Direct/Lag/Rolling,Historical,<= t,No,No,VERIFIED,Clean historical feature computed strictly at or before t
mkt_coal_australian_rmean_7,Commodity / Fuel Prices,Direct/Lag/Rolling,Historical,<= t,No,No,VERIFIED,Clean historical feature computed strictly at or before t
mkt_coal_australian_rstd_7,Commodity / Fuel Prices,Direct/Lag/Rolling,Historical,<= t,No,No,VERIFIED,Clean historical feature computed strictly at or before t
mkt_coal_australian_rmean_14,Commodity / Fuel Prices,Direct/Lag/Rolling,Historical,<= t,No,No,VERIFIED,Clean historical feature computed strictly at or before t
mkt_coal_australian_rstd_14,Commodity / Fuel Prices,Direct/Lag/Rolling,Historical,<= t,No,No,VERIFIED,Clean historical feature computed strictly at or before t
mkt_coal_australian_rmean_30,Commodity / Fuel Prices,Direct/Lag/Rolling,Historical,<= t,No,No,VERIFIED,Clean historical feature computed strictly at or before t
mkt_coal_australian_rstd_30,Commodity / Fuel Prices,Direct/Lag/Rolling,Historical,<= t,No,No,VERIFIED,Clean historical feature computed strictly at or before t
mkt_coal_south_african_rmean_7,Commodity / Fuel Prices,Direct/Lag/Rolling,Historical,<= t,No,No,VERIFIED,Clean historical feature computed strictly at or before t
mkt_coal_south_african_rstd_7,Commodity / Fuel Prices,Direct/Lag/Rolling,Historical,<= t,No,No,VERIFIED,Clean historical feature computed strictly at or before t
mkt_coal_south_african_rmean_14,Commodity / Fuel Prices,Direct/Lag/Rolling,Historical,<= t,No,No,VERIFIED,Clean historical feature computed strictly at or before t
mkt_coal_south_african_rstd_14,Commodity / Fuel Prices,Direct/Lag/Rolling,Historical,<= t,No,No,VERIFIED,Clean historical feature computed strictly at or before t
mkt_coal_south_african_rmean_30,Commodity / Fuel Prices,Direct/Lag/Rolling,Historical,<= t,No,No,VERIFIED,Clean historical feature computed strictly at or before t
mkt_coal_south_african_rstd_30,Commodity / Fuel Prices,Direct/Lag/Rolling,Historical,<= t,No,No,VERIFIED,Clean historical feature computed strictly at or before t
mkt_copper_rmean_7,Macro Indicator / Derived,Direct/Lag/Rolling,Historical,<= t,No,No,VERIFIED,Clean historical feature computed strictly at or before t
mkt_copper_rstd_7,Macro Indicator / Derived,Direct/Lag/Rolling,Historical,<= t,No,No,VERIFIED,Clean historical feature computed strictly at or before t
mkt_copper_rmean_14,Macro Indicator / Derived,Direct/Lag/Rolling,Historical,<= t,No,No,VERIFIED,Clean historical feature computed strictly at or before t
mkt_copper_rstd_14,Macro Indicator / Derived,Direct/Lag/Rolling,Historical,<= t,No,No,VERIFIED,Clean historical feature computed strictly at or before t
mkt_copper_rmean_30,Macro Indicator / Derived,Direct/Lag/Rolling,Historical,<= t,No,No,VERIFIED,Clean historical feature computed strictly at or before t
mkt_copper_rstd_30,Macro Indicator / Derived,Direct/Lag/Rolling,Historical,<= t,No,No,VERIFIED,Clean historical feature computed strictly at or before t
mkt_aluminum_rmean_7,Macro Indicator / Derived,Direct/Lag/Rolling,Historical,<= t,No,No,VERIFIED,Clean historical feature computed strictly at or before t
mkt_aluminum_rstd_7,Macro Indicator / Derived,Direct/Lag/Rolling,Historical,<= t,No,No,VERIFIED,Clean historical feature computed strictly at or before t
mkt_aluminum_rmean_14,Macro Indicator / Derived,Direct/Lag/Rolling,Historical,<= t,No,No,VERIFIED,Clean historical feature computed strictly at or before t
mkt_aluminum_rstd_14,Macro Indicator / Derived,Direct/Lag/Rolling,Historical,<= t,No,No,VERIFIED,Clean historical feature computed strictly at or before t
mkt_aluminum_rmean_30,Macro Indicator / Derived,Direct/Lag/Rolling,Historical,<= t,No,No,VERIFIED,Clean historical feature computed strictly at or before t
mkt_aluminum_rstd_30,Macro Indicator / Derived,Direct/Lag/Rolling,Historical,<= t,No,No,VERIFIED,Clean historical feature computed strictly at or before t
mkt_usd_inr_chg_1,Macro Indicator / Derived,Direct/Lag/Rolling,Historical,<= t,No,No,VERIFIED,Clean historical feature computed strictly at or before t
mkt_usd_inr_pchg_1,Macro Indicator / Derived,Direct/Lag/Rolling,Historical,<= t,No,No,VERIFIED,Clean historical feature computed strictly at or before t
mkt_usd_inr_chg_7,Macro Indicator / Derived,Direct/Lag/Rolling,Historical,<= t,No,No,VERIFIED,Clean historical feature computed strictly at or before t
mkt_usd_inr_pchg_7,Macro Indicator / Derived,Direct/Lag/Rolling,Historical,<= t,No,No,VERIFIED,Clean historical feature computed strictly at or before t
mkt_usd_inr_chg_14,Macro Indicator / Derived,Direct/Lag/Rolling,Historical,<= t,No,No,VERIFIED,Clean historical feature computed strictly at or before t
mkt_usd_inr_pchg_14,Macro Indicator / Derived,Direct/Lag/Rolling,Historical,<= t,No,No,VERIFIED,Clean historical feature computed strictly at or before t
mkt_brent_usd_per_barrel_chg_1,Commodity / Fuel Prices,Direct/Lag/Rolling,Historical,<= t,No,No,VERIFIED,Clean historical feature computed strictly at or before t
mkt_brent_usd_per_barrel_pchg_1,Commodity / Fuel Prices,Direct/Lag/Rolling,Historical,<= t,No,No,VERIFIED,Clean historical feature computed strictly at or before t
mkt_brent_usd_per_barrel_chg_7,Commodity / Fuel Prices,Direct/Lag/Rolling,Historical,<= t,No,No,VERIFIED,Clean historical feature computed strictly at or before t
mkt_brent_usd_per_barrel_pchg_7,Commodity / Fuel Prices,Direct/Lag/Rolling,Historical,<= t,No,No,VERIFIED,Clean historical feature computed strictly at or before t
mkt_brent_usd_per_barrel_chg_14,Commodity / Fuel Prices,Direct/Lag/Rolling,Historical,<= t,No,No,VERIFIED,Clean historical feature computed strictly at or before t
mkt_brent_usd_per_barrel_pchg_14,Commodity / Fuel Prices,Direct/Lag/Rolling,Historical,<= t,No,No,VERIFIED,Clean historical feature computed strictly at or before t
mkt_wti_usd_per_barrel_chg_1,Macro Indicator / Derived,Direct/Lag/Rolling,Historical,<= t,No,No,VERIFIED,Clean historical feature computed strictly at or before t
mkt_wti_usd_per_barrel_pchg_1,Macro Indicator / Derived,Direct/Lag/Rolling,Historical,<= t,No,No,VERIFIED,Clean historical feature computed strictly at or before t
mkt_wti_usd_per_barrel_chg_7,Macro Indicator / Derived,Direct/Lag/Rolling,Historical,<= t,No,No,VERIFIED,Clean historical feature computed strictly at or before t
mkt_wti_usd_per_barrel_pchg_7,Macro Indicator / Derived,Direct/Lag/Rolling,Historical,<= t,No,No,VERIFIED,Clean historical feature computed strictly at or before t
mkt_wti_usd_per_barrel_chg_14,Macro Indicator / Derived,Direct/Lag/Rolling,Historical,<= t,No,No,VERIFIED,Clean historical feature computed strictly at or before t
mkt_wti_usd_per_barrel_pchg_14,Macro Indicator / Derived,Direct/Lag/Rolling,Historical,<= t,No,No,VERIFIED,Clean historical feature computed strictly at or before t
mkt_n10d_chg_1,Macro Indicator / Derived,Direct/Lag/Rolling,Historical,<= t,No,No,VERIFIED,Clean historical feature computed strictly at or before t
mkt_n10d_pchg_1,Macro Indicator / Derived,Direct/Lag/Rolling,Historical,<= t,No,No,VERIFIED,Clean historical feature computed strictly at or before t
mkt_n10d_chg_7,Macro Indicator / Derived,Direct/Lag/Rolling,Historical,<= t,No,No,VERIFIED,Clean historical feature computed strictly at or before t
mkt_n10d_pchg_7,Macro Indicator / Derived,Direct/Lag/Rolling,Historical,<= t,No,No,VERIFIED,Clean historical feature computed strictly at or before t
mkt_n10d_chg_14,Macro Indicator / Derived,Direct/Lag/Rolling,Historical,<= t,No,No,VERIFIED,Clean historical feature computed strictly at or before t
mkt_n10d_pchg_14,Macro Indicator / Derived,Direct/Lag/Rolling,Historical,<= t,No,No,VERIFIED,Clean historical feature computed strictly at or before t
mkt_gprd_chg_1,Macro Indicator / Derived,Direct/Lag/Rolling,Historical,<= t,No,No,VERIFIED,Clean historical feature computed strictly at or before t
mkt_gprd_pchg_1,Macro Indicator / Derived,Direct/Lag/Rolling,Historical,<= t,No,No,VERIFIED,Clean historical feature computed strictly at or before t
mkt_gprd_chg_7,Macro Indicator / Derived,Direct/Lag/Rolling,Historical,<= t,No,No,VERIFIED,Clean historical feature computed strictly at or before t
mkt_gprd_pchg_7,Macro Indicator / Derived,Direct/Lag/Rolling,Historical,<= t,No,No,VERIFIED,Clean historical feature computed strictly at or before t
mkt_gprd_chg_14,Macro Indicator / Derived,Direct/Lag/Rolling,Historical,<= t,No,No,VERIFIED,Clean historical feature computed strictly at or before t
mkt_gprd_pchg_14,Macro Indicator / Derived,Direct/Lag/Rolling,Historical,<= t,No,No,VERIFIED,Clean historical feature computed strictly at or before t
mkt_iron_ore_cfr_spot_chg_1,Commodity / Fuel Prices,Direct/Lag/Rolling,Historical,<= t,No,No,VERIFIED,Clean historical feature computed strictly at or before t
mkt_iron_ore_cfr_spot_pchg_1,Commodity / Fuel Prices,Direct/Lag/Rolling,Historical,<= t,No,No,VERIFIED,Clean historical feature computed strictly at or before t
mkt_iron_ore_cfr_spot_chg_7,Commodity / Fuel Prices,Direct/Lag/Rolling,Historical,<= t,No,No,VERIFIED,Clean historical feature computed strictly at or before t
mkt_iron_ore_cfr_spot_pchg_7,Commodity / Fuel Prices,Direct/Lag/Rolling,Historical,<= t,No,No,VERIFIED,Clean historical feature computed strictly at or before t
mkt_iron_ore_cfr_spot_chg_14,Commodity / Fuel Prices,Direct/Lag/Rolling,Historical,<= t,No,No,VERIFIED,Clean historical feature computed strictly at or before t
mkt_iron_ore_cfr_spot_pchg_14,Commodity / Fuel Prices,Direct/Lag/Rolling,Historical,<= t,No,No,VERIFIED,Clean historical feature computed strictly at or before t
mkt_coal_australian_chg_1,Commodity / Fuel Prices,Direct/Lag/Rolling,Historical,<= t,No,No,VERIFIED,Clean historical feature computed strictly at or before t
mkt_coal_australian_pchg_1,Commodity / Fuel Prices,Direct/Lag/Rolling,Historical,<= t,No,No,VERIFIED,Clean historical feature computed strictly at or before t
mkt_coal_australian_chg_7,Commodity / Fuel Prices,Direct/Lag/Rolling,Historical,<= t,No,No,VERIFIED,Clean historical feature computed strictly at or before t
mkt_coal_australian_pchg_7,Commodity / Fuel Prices,Direct/Lag/Rolling,Historical,<= t,No,No,VERIFIED,Clean historical feature computed strictly at or before t
mkt_coal_australian_chg_14,Commodity / Fuel Prices,Direct/Lag/Rolling,Historical,<= t,No,No,VERIFIED,Clean historical feature computed strictly at or before t
mkt_coal_australian_pchg_14,Commodity / Fuel Prices,Direct/Lag/Rolling,Historical,<= t,No,No,VERIFIED,Clean historical feature computed strictly at or before t
mkt_coal_south_african_chg_1,Commodity / Fuel Prices,Direct/Lag/Rolling,Historical,<= t,No,No,VERIFIED,Clean historical feature computed strictly at or before t
mkt_coal_south_african_pchg_1,Commodity / Fuel Prices,Direct/Lag/Rolling,Historical,<= t,No,No,VERIFIED,Clean historical feature computed strictly at or before t
mkt_coal_south_african_chg_7,Commodity / Fuel Prices,Direct/Lag/Rolling,Historical,<= t,No,No,VERIFIED,Clean historical feature computed strictly at or before t
mkt_coal_south_african_pchg_7,Commodity / Fuel Prices,Direct/Lag/Rolling,Historical,<= t,No,No,VERIFIED,Clean historical feature computed strictly at or before t
mkt_coal_south_african_chg_14,Commodity / Fuel Prices,Direct/Lag/Rolling,Historical,<= t,No,No,VERIFIED,Clean historical feature computed strictly at or before t
mkt_coal_south_african_pchg_14,Commodity / Fuel Prices,Direct/Lag/Rolling,Historical,<= t,No,No,VERIFIED,Clean historical feature computed strictly at or before t
mkt_copper_chg_1,Macro Indicator / Derived,Direct/Lag/Rolling,Historical,<= t,No,No,VERIFIED,Clean historical feature computed strictly at or before t
mkt_copper_pchg_1,Macro Indicator / Derived,Direct/Lag/Rolling,Historical,<= t,No,No,VERIFIED,Clean historical feature computed strictly at or before t
mkt_copper_chg_7,Macro Indicator / Derived,Direct/Lag/Rolling,Historical,<= t,No,No,VERIFIED,Clean historical feature computed strictly at or before t
mkt_copper_pchg_7,Macro Indicator / Derived,Direct/Lag/Rolling,Historical,<= t,No,No,VERIFIED,Clean historical feature computed strictly at or before t
mkt_copper_chg_14,Macro Indicator / Derived,Direct/Lag/Rolling,Historical,<= t,No,No,VERIFIED,Clean historical feature computed strictly at or before t
mkt_copper_pchg_14,Macro Indicator / Derived,Direct/Lag/Rolling,Historical,<= t,No,No,VERIFIED,Clean historical feature computed strictly at or before t
mkt_aluminum_chg_1,Macro Indicator / Derived,Direct/Lag/Rolling,Historical,<= t,No,No,VERIFIED,Clean historical feature computed strictly at or before t
mkt_aluminum_pchg_1,Macro Indicator / Derived,Direct/Lag/Rolling,Historical,<= t,No,No,VERIFIED,Clean historical feature computed strictly at or before t
mkt_aluminum_chg_7,Macro Indicator / Derived,Direct/Lag/Rolling,Historical,<= t,No,No,VERIFIED,Clean historical feature computed strictly at or before t
mkt_aluminum_pchg_7,Macro Indicator / Derived,Direct/Lag/Rolling,Historical,<= t,No,No,VERIFIED,Clean historical feature computed strictly at or before t
mkt_aluminum_chg_14,Macro Indicator / Derived,Direct/Lag/Rolling,Historical,<= t,No,No,VERIFIED,Clean historical feature computed strictly at or before t
mkt_aluminum_pchg_14,Macro Indicator / Derived,Direct/Lag/Rolling,Historical,<= t,No,No,VERIFIED,Clean historical feature computed strictly at or before t
dir_kdci_1d,Freight Rates,Direct/Lag/Rolling,Historical,<= t,No,No,VERIFIED,Clean historical feature computed strictly at or before t
dir_kdci_7d,Freight Rates,Direct/Lag/Rolling,Historical,<= t,No,No,VERIFIED,Clean historical feature computed strictly at or before t
dir_kdci_14d,Freight Rates,Direct/Lag/Rolling,Historical,<= t,No,No,VERIFIED,Clean historical feature computed strictly at or before t
dir_kdci_30d,Freight Rates,Direct/Lag/Rolling,Historical,<= t,No,No,VERIFIED,Clean historical feature computed strictly at or before t
dir_cape_1d,Freight Rates,Direct/Lag/Rolling,Historical,<= t,No,No,VERIFIED,Clean historical feature computed strictly at or before t
dir_cape_7d,Freight Rates,Direct/Lag/Rolling,Historical,<= t,No,No,VERIFIED,Clean historical feature computed strictly at or before t
dir_cape_14d,Freight Rates,Direct/Lag/Rolling,Historical,<= t,No,No,VERIFIED,Clean historical feature computed strictly at or before t
dir_cape_30d,Freight Rates,Direct/Lag/Rolling,Historical,<= t,No,No,VERIFIED,Clean historical feature computed strictly at or before t
dir_panamax_1d,Freight Rates,Direct/Lag/Rolling,Historical,<= t,No,No,VERIFIED,Clean historical feature computed strictly at or before t
dir_panamax_7d,Freight Rates,Direct/Lag/Rolling,Historical,<= t,No,No,VERIFIED,Clean historical feature computed strictly at or before t
dir_panamax_14d,Freight Rates,Direct/Lag/Rolling,Historical,<= t,No,No,VERIFIED,Clean historical feature computed strictly at or before t
dir_panamax_30d,Freight Rates,Direct/Lag/Rolling,Historical,<= t,No,No,VERIFIED,Clean historical feature computed strictly at or before t
dir_supramax_1d,Freight Rates,Direct/Lag/Rolling,Historical,<= t,No,No,VERIFIED,Clean historical feature computed strictly at or before t
dir_supramax_7d,Freight Rates,Direct/Lag/Rolling,Historical,<= t,No,No,VERIFIED,Clean historical feature computed strictly at or before t
dir_supramax_14d,Freight Rates,Direct/Lag/Rolling,Historical,<= t,No,No,VERIFIED,Clean historical feature computed strictly at or before t
dir_supramax_30d,Freight Rates,Direct/Lag/Rolling,Historical,<= t,No,No,VERIFIED,Clean historical feature computed strictly at or before t
dir_handy_1d,Freight Rates,Direct/Lag/Rolling,Historical,<= t,No,No,VERIFIED,Clean historical feature computed strictly at or before t
dir_handy_7d,Freight Rates,Direct/Lag/Rolling,Historical,<= t,No,No,VERIFIED,Clean historical feature computed strictly at or before t
dir_handy_14d,Freight Rates,Direct/Lag/Rolling,Historical,<= t,No,No,VERIFIED,Clean historical feature computed strictly at or before t
dir_handy_30d,Freight Rates,Direct/Lag/Rolling,Historical,<= t,No,No,VERIFIED,Clean historical feature computed strictly at or before t
gdelt_event_count,GDELT Macro Sentiment,Direct/Lag/Rolling,Historical,<= t,No,No,VERIFIED,Clean historical feature computed strictly at or before t
gdelt_geo_relevant_count,GDELT Macro Sentiment,Direct/Lag/Rolling,Historical,<= t,No,No,VERIFIED,Clean historical feature computed strictly at or before t
gdelt_india_relevant_count,GDELT Macro Sentiment,Direct/Lag/Rolling,Historical,<= t,No,No,VERIFIED,Clean historical feature computed strictly at or before t
gdelt_maritime_relevant_count,GDELT Macro Sentiment,Direct/Lag/Rolling,Historical,<= t,No,No,VERIFIED,Clean historical feature computed strictly at or before t
gdelt_high_intensity_count,GDELT Macro Sentiment,Direct/Lag/Rolling,Historical,<= t,No,No,VERIFIED,Clean historical feature computed strictly at or before t
gdelt_med_intensity_count,GDELT Macro Sentiment,Direct/Lag/Rolling,Historical,<= t,No,No,VERIFIED,Clean historical feature computed strictly at or before t
gdelt_low_intensity_count,GDELT Macro Sentiment,Direct/Lag/Rolling,Historical,<= t,No,No,VERIFIED,Clean historical feature computed strictly at or before t
gdelt_mean_intensity,GDELT Macro Sentiment,Direct/Lag/Rolling,Historical,<= t,No,No,VERIFIED,Clean historical feature computed strictly at or before t
gdelt_total_mentions,GDELT Macro Sentiment,Direct/Lag/Rolling,Historical,<= t,No,No,VERIFIED,Clean historical feature computed strictly at or before t
gdelt_total_sources,GDELT Macro Sentiment,Direct/Lag/Rolling,Historical,<= t,No,No,VERIFIED,Clean historical feature computed strictly at or before t
gdelt_total_articles,GDELT Macro Sentiment,Direct/Lag/Rolling,Historical,<= t,No,No,VERIFIED,Clean historical feature computed strictly at or before t
gdelt_mean_media_attention,GDELT Macro Sentiment,Direct/Lag/Rolling,Historical,<= t,No,No,VERIFIED,Clean historical feature computed strictly at or before t
gdelt_max_media_attention,GDELT Macro Sentiment,Direct/Lag/Rolling,Historical,<= t,No,No,VERIFIED,Clean historical feature computed strictly at or before t
gdelt_mean_tone,GDELT Macro Sentiment,Direct/Lag/Rolling,Historical,<= t,No,No,VERIFIED,Clean historical feature computed strictly at or before t
gdelt_min_tone,GDELT Macro Sentiment,Direct/Lag/Rolling,Historical,<= t,No,No,VERIFIED,Clean historical feature computed strictly at or before t
gdelt_mean_tone_negativity,GDELT Macro Sentiment,Direct/Lag/Rolling,Historical,<= t,No,No,VERIFIED,Clean historical feature computed strictly at or before t
gdelt_max_tone_negativity,GDELT Macro Sentiment,Direct/Lag/Rolling,Historical,<= t,No,No,VERIFIED,Clean historical feature computed strictly at or before t
gdelt_mean_goldstein,GDELT Macro Sentiment,Direct/Lag/Rolling,Historical,<= t,No,No,VERIFIED,Clean historical feature computed strictly at or before t
gdelt_min_goldstein,GDELT Macro Sentiment,Direct/Lag/Rolling,Historical,<= t,No,No,VERIFIED,Clean historical feature computed strictly at or before t
gdelt_mean_goldstein_magnitude,GDELT Macro Sentiment,Direct/Lag/Rolling,Historical,<= t,No,No,VERIFIED,Clean historical feature computed strictly at or before t
gdelt_max_goldstein_magnitude,GDELT Macro Sentiment,Direct/Lag/Rolling,Historical,<= t,No,No,VERIFIED,Clean historical feature computed strictly at or before t
gdelt_event_count_sum_3d,GDELT Macro Sentiment,Direct/Lag/Rolling,Historical,<= t,No,No,VERIFIED,Clean historical feature computed strictly at or before t
gdelt_geo_relevant_count_sum_3d,GDELT Macro Sentiment,Direct/Lag/Rolling,Historical,<= t,No,No,VERIFIED,Clean historical feature computed strictly at or before t
gdelt_india_relevant_count_sum_3d,GDELT Macro Sentiment,Direct/Lag/Rolling,Historical,<= t,No,No,VERIFIED,Clean historical feature computed strictly at or before t
gdelt_high_intensity_count_sum_3d,GDELT Macro Sentiment,Direct/Lag/Rolling,Historical,<= t,No,No,VERIFIED,Clean historical feature computed strictly at or before t
gdelt_mean_intensity_ma_3d,GDELT Macro Sentiment,Direct/Lag/Rolling,Historical,<= t,No,No,VERIFIED,Clean historical feature computed strictly at or before t
gdelt_total_mentions_sum_3d,GDELT Macro Sentiment,Direct/Lag/Rolling,Historical,<= t,No,No,VERIFIED,Clean historical feature computed strictly at or before t
gdelt_mean_tone_negativity_ma_3d,GDELT Macro Sentiment,Direct/Lag/Rolling,Historical,<= t,No,No,VERIFIED,Clean historical feature computed strictly at or before t
gdelt_mean_goldstein_magnitude_ma_3d,GDELT Macro Sentiment,Direct/Lag/Rolling,Historical,<= t,No,No,VERIFIED,Clean historical feature computed strictly at or before t
gdelt_event_count_sum_7d,GDELT Macro Sentiment,Direct/Lag/Rolling,Historical,<= t,No,No,VERIFIED,Clean historical feature computed strictly at or before t
gdelt_geo_relevant_count_sum_7d,GDELT Macro Sentiment,Direct/Lag/Rolling,Historical,<= t,No,No,VERIFIED,Clean historical feature computed strictly at or before t
gdelt_india_relevant_count_sum_7d,GDELT Macro Sentiment,Direct/Lag/Rolling,Historical,<= t,No,No,VERIFIED,Clean historical feature computed strictly at or before t
gdelt_high_intensity_count_sum_7d,GDELT Macro Sentiment,Direct/Lag/Rolling,Historical,<= t,No,No,VERIFIED,Clean historical feature computed strictly at or before t
gdelt_mean_intensity_ma_7d,GDELT Macro Sentiment,Direct/Lag/Rolling,Historical,<= t,No,No,VERIFIED,Clean historical feature computed strictly at or before t
gdelt_total_mentions_sum_7d,GDELT Macro Sentiment,Direct/Lag/Rolling,Historical,<= t,No,No,VERIFIED,Clean historical feature computed strictly at or before t
gdelt_mean_tone_negativity_ma_7d,GDELT Macro Sentiment,Direct/Lag/Rolling,Historical,<= t,No,No,VERIFIED,Clean historical feature computed strictly at or before t
gdelt_mean_goldstein_magnitude_ma_7d,GDELT Macro Sentiment,Direct/Lag/Rolling,Historical,<= t,No,No,VERIFIED,Clean historical feature computed strictly at or before t
gdelt_event_count_sum_14d,GDELT Macro Sentiment,Direct/Lag/Rolling,Historical,<= t,No,No,VERIFIED,Clean historical feature computed strictly at or before t
gdelt_geo_relevant_count_sum_14d,GDELT Macro Sentiment,Direct/Lag/Rolling,Historical,<= t,No,No,VERIFIED,Clean historical feature computed strictly at or before t
gdelt_india_relevant_count_sum_14d,GDELT Macro Sentiment,Direct/Lag/Rolling,Historical,<= t,No,No,VERIFIED,Clean historical feature computed strictly at or before t
gdelt_high_intensity_count_sum_14d,GDELT Macro Sentiment,Direct/Lag/Rolling,Historical,<= t,No,No,VERIFIED,Clean historical feature computed strictly at or before t
gdelt_mean_intensity_ma_14d,GDELT Macro Sentiment,Direct/Lag/Rolling,Historical,<= t,No,No,VERIFIED,Clean historical feature computed strictly at or before t
gdelt_total_mentions_sum_14d,GDELT Macro Sentiment,Direct/Lag/Rolling,Historical,<= t,No,No,VERIFIED,Clean historical feature computed strictly at or before t
gdelt_mean_tone_negativity_ma_14d,GDELT Macro Sentiment,Direct/Lag/Rolling,Historical,<= t,No,No,VERIFIED,Clean historical feature computed strictly at or before t
gdelt_mean_goldstein_magnitude_ma_14d,GDELT Macro Sentiment,Direct/Lag/Rolling,Historical,<= t,No,No,VERIFIED,Clean historical feature computed strictly at or before t
gdelt_event_count_sum_30d,GDELT Macro Sentiment,Direct/Lag/Rolling,Historical,<= t,No,No,VERIFIED,Clean historical feature computed strictly at or before t
gdelt_geo_relevant_count_sum_30d,GDELT Macro Sentiment,Direct/Lag/Rolling,Historical,<= t,No,No,VERIFIED,Clean historical feature computed strictly at or before t
gdelt_india_relevant_count_sum_30d,GDELT Macro Sentiment,Direct/Lag/Rolling,Historical,<= t,No,No,VERIFIED,Clean historical feature computed strictly at or before t
gdelt_high_intensity_count_sum_30d,GDELT Macro Sentiment,Direct/Lag/Rolling,Historical,<= t,No,No,VERIFIED,Clean historical feature computed strictly at or before t
gdelt_mean_intensity_ma_30d,GDELT Macro Sentiment,Direct/Lag/Rolling,Historical,<= t,No,No,VERIFIED,Clean historical feature computed strictly at or before t
gdelt_total_mentions_sum_30d,GDELT Macro Sentiment,Direct/Lag/Rolling,Historical,<= t,No,No,VERIFIED,Clean historical feature computed strictly at or before t
gdelt_mean_tone_negativity_ma_30d,GDELT Macro Sentiment,Direct/Lag/Rolling,Historical,<= t,No,No,VERIFIED,Clean historical feature computed strictly at or before t
gdelt_mean_goldstein_magnitude_ma_30d,GDELT Macro Sentiment,Direct/Lag/Rolling,Historical,<= t,No,No,VERIFIED,Clean historical feature computed strictly at or before t
cyclone_active_count,Port Weather / Environmental,Direct/Lag/Rolling,Historical,<= t,No,No,VERIFIED,Clean historical feature computed strictly at or before t
cyclone_max_wind,Port Weather / Environmental,Direct/Lag/Rolling,Historical,<= t,No,No,VERIFIED,Clean historical feature computed strictly at or before t
cyclone_min_pressure,Port Weather / Environmental,Direct/Lag/Rolling,Historical,<= t,No,No,VERIFIED,Clean historical feature computed strictly at or before t
cyclone_port_exposure,Port Weather / Environmental,Direct/Lag/Rolling,Historical,<= t,No,No,VERIFIED,Clean historical feature computed strictly at or before t
cyclone_num_exposed_ports,Port Weather / Environmental,Direct/Lag/Rolling,Historical,<= t,No,No,VERIFIED,Clean historical feature computed strictly at or before t
cyclone_landfall_any,Port Weather / Environmental,Direct/Lag/Rolling,Historical,<= t,No,No,VERIFIED,Clean historical feature computed strictly at or before t
cyclone_active,Port Weather / Environmental,Direct/Lag/Rolling,Historical,<= t,No,No,VERIFIED,Clean historical feature computed strictly at or before t
cyclone_active_sum_7d,Port Weather / Environmental,Direct/Lag/Rolling,Historical,<= t,No,No,VERIFIED,Clean historical feature computed strictly at or before t
cyclone_max_wind_7d,Port Weather / Environmental,Direct/Lag/Rolling,Historical,<= t,No,No,VERIFIED,Clean historical feature computed strictly at or before t
cyclone_exposure_sum_7d,Port Weather / Environmental,Direct/Lag/Rolling,Historical,<= t,No,No,VERIFIED,Clean historical feature computed strictly at or before t
cyclone_active_sum_14d,Port Weather / Environmental,Direct/Lag/Rolling,Historical,<= t,No,No,VERIFIED,Clean historical feature computed strictly at or before t
cyclone_max_wind_14d,Port Weather / Environmental,Direct/Lag/Rolling,Historical,<= t,No,No,VERIFIED,Clean historical feature computed strictly at or before t
cyclone_exposure_sum_14d,Port Weather / Environmental,Direct/Lag/Rolling,Historical,<= t,No,No,VERIFIED,Clean historical feature computed strictly at or before t
cyclone_active_sum_30d,Port Weather / Environmental,Direct/Lag/Rolling,Historical,<= t,No,No,VERIFIED,Clean historical feature computed strictly at or before t
cyclone_max_wind_30d,Port Weather / Environmental,Direct/Lag/Rolling,Historical,<= t,No,No,VERIFIED,Clean historical feature computed strictly at or before t
cyclone_exposure_sum_30d,Port Weather / Environmental,Direct/Lag/Rolling,Historical,<= t,No,No,VERIFIED,Clean historical feature computed strictly at or before t
wx_dha_temp_max,Port Weather / Environmental,Direct/Lag/Rolling,Historical,<= t,No,No,VERIFIED,Clean historical feature computed strictly at or before t
wx_dha_temp_mean,Port Weather / Environmental,Direct/Lag/Rolling,Historical,<= t,No,No,VERIFIED,Clean historical feature computed strictly at or before t
wx_dha_precip_mm,Port Weather / Environmental,Direct/Lag/Rolling,Historical,<= t,No,No,VERIFIED,Clean historical feature computed strictly at or before t
wx_dha_wind_max,Port Weather / Environmental,Direct/Lag/Rolling,Historical,<= t,No,No,VERIFIED,Clean historical feature computed strictly at or before t
wx_dha_gust_max,Macro Indicator / Derived,Direct/Lag/Rolling,Historical,<= t,No,No,VERIFIED,Clean historical feature computed strictly at or before t
wx_dha_wx_code,Macro Indicator / Derived,Direct/Lag/Rolling,Historical,<= t,No,No,VERIFIED,Clean historical feature computed strictly at or before t
wx_gan_temp_max,Port Weather / Environmental,Direct/Lag/Rolling,Historical,<= t,No,No,VERIFIED,Clean historical feature computed strictly at or before t
wx_gan_temp_mean,Port Weather / Environmental,Direct/Lag/Rolling,Historical,<= t,No,No,VERIFIED,Clean historical feature computed strictly at or before t
wx_gan_precip_mm,Port Weather / Environmental,Direct/Lag/Rolling,Historical,<= t,No,No,VERIFIED,Clean historical feature computed strictly at or before t
wx_gan_wind_max,Port Weather / Environmental,Direct/Lag/Rolling,Historical,<= t,No,No,VERIFIED,Clean historical feature computed strictly at or before t
wx_gan_gust_max,Macro Indicator / Derived,Direct/Lag/Rolling,Historical,<= t,No,No,VERIFIED,Clean historical feature computed strictly at or before t
wx_gan_wx_code,Macro Indicator / Derived,Direct/Lag/Rolling,Historical,<= t,No,No,VERIFIED,Clean historical feature computed strictly at or before t
wx_hal_temp_max,Port Weather / Environmental,Direct/Lag/Rolling,Historical,<= t,No,No,VERIFIED,Clean historical feature computed strictly at or before t
wx_hal_temp_mean,Port Weather / Environmental,Direct/Lag/Rolling,Historical,<= t,No,No,VERIFIED,Clean historical feature computed strictly at or before t
wx_hal_precip_mm,Port Weather / Environmental,Direct/Lag/Rolling,Historical,<= t,No,No,VERIFIED,Clean historical feature computed strictly at or before t
wx_hal_wind_max,Port Weather / Environmental,Direct/Lag/Rolling,Historical,<= t,No,No,VERIFIED,Clean historical feature computed strictly at or before t
wx_hal_gust_max,Macro Indicator / Derived,Direct/Lag/Rolling,Historical,<= t,No,No,VERIFIED,Clean historical feature computed strictly at or before t
wx_hal_wx_code,Macro Indicator / Derived,Direct/Lag/Rolling,Historical,<= t,No,No,VERIFIED,Clean historical feature computed strictly at or before t
wx_par_temp_max,Port Weather / Environmental,Direct/Lag/Rolling,Historical,<= t,No,No,VERIFIED,Clean historical feature computed strictly at or before t
wx_par_temp_mean,Port Weather / Environmental,Direct/Lag/Rolling,Historical,<= t,No,No,VERIFIED,Clean historical feature computed strictly at or before t
wx_par_precip_mm,Port Weather / Environmental,Direct/Lag/Rolling,Historical,<= t,No,No,VERIFIED,Clean historical feature computed strictly at or before t
wx_par_wind_max,Port Weather / Environmental,Direct/Lag/Rolling,Historical,<= t,No,No,VERIFIED,Clean historical feature computed strictly at or before t
wx_par_gust_max,Macro Indicator / Derived,Direct/Lag/Rolling,Historical,<= t,No,No,VERIFIED,Clean historical feature computed strictly at or before t
wx_par_wx_code,Macro Indicator / Derived,Direct/Lag/Rolling,Historical,<= t,No,No,VERIFIED,Clean historical feature computed strictly at or before t
wx_viz_temp_max,Port Weather / Environmental,Direct/Lag/Rolling,Historical,<= t,No,No,VERIFIED,Clean historical feature computed strictly at or before t
wx_viz_temp_mean,Port Weather / Environmental,Direct/Lag/Rolling,Historical,<= t,No,No,VERIFIED,Clean historical feature computed strictly at or before t
wx_viz_precip_mm,Port Weather / Environmental,Direct/Lag/Rolling,Historical,<= t,No,No,VERIFIED,Clean historical feature computed strictly at or before t
wx_viz_wind_max,Port Weather / Environmental,Direct/Lag/Rolling,Historical,<= t,No,No,VERIFIED,Clean historical feature computed strictly at or before t
wx_viz_gust_max,Macro Indicator / Derived,Direct/Lag/Rolling,Historical,<= t,No,No,VERIFIED,Clean historical feature computed strictly at or before t
wx_viz_wx_code,Macro Indicator / Derived,Direct/Lag/Rolling,Historical,<= t,No,No,VERIFIED,Clean historical feature computed strictly at or before t
wx_all_wind_max,Port Weather / Environmental,Direct/Lag/Rolling,Historical,<= t,No,No,VERIFIED,Clean historical feature computed strictly at or before t
wx_all_wind_mean,Port Weather / Environmental,Direct/Lag/Rolling,Historical,<= t,No,No,VERIFIED,Clean historical feature computed strictly at or before t
wx_all_gust_max,Macro Indicator / Derived,Direct/Lag/Rolling,Historical,<= t,No,No,VERIFIED,Clean historical feature computed strictly at or before t
wx_all_precip_max,Port Weather / Environmental,Direct/Lag/Rolling,Historical,<= t,No,No,VERIFIED,Clean historical feature computed strictly at or before t
wx_all_precip_mean,Port Weather / Environmental,Direct/Lag/Rolling,Historical,<= t,No,No,VERIFIED,Clean historical feature computed strictly at or before t
wx_all_precip_sum,Port Weather / Environmental,Direct/Lag/Rolling,Historical,<= t,No,No,VERIFIED,Clean historical feature computed strictly at or before t
wx_all_temp_max,Port Weather / Environmental,Direct/Lag/Rolling,Historical,<= t,No,No,VERIFIED,Clean historical feature computed strictly at or before t
wx_all_temp_mean,Port Weather / Environmental,Direct/Lag/Rolling,Historical,<= t,No,No,VERIFIED,Clean historical feature computed strictly at or before t
wx_high_wind_indicator,Port Weather / Environmental,Direct/Lag/Rolling,Historical,<= t,No,No,VERIFIED,Clean historical feature computed strictly at or before t
wx_heavy_precip_indicator,Port Weather / Environmental,Direct/Lag/Rolling,Historical,<= t,No,No,VERIFIED,Clean historical feature computed strictly at or before t
wx_adverse_indicator,Macro Indicator / Derived,Direct/Lag/Rolling,Historical,<= t,No,No,VERIFIED,Clean historical feature computed strictly at or before t
wx_hal_high_wind,Port Weather / Environmental,Direct/Lag/Rolling,Historical,<= t,No,No,VERIFIED,Clean historical feature computed strictly at or before t
wx_hal_heavy_precip,Port Weather / Environmental,Direct/Lag/Rolling,Historical,<= t,No,No,VERIFIED,Clean historical feature computed strictly at or before t
wx_par_high_wind,Port Weather / Environmental,Direct/Lag/Rolling,Historical,<= t,No,No,VERIFIED,Clean historical feature computed strictly at or before t
wx_par_heavy_precip,Port Weather / Environmental,Direct/Lag/Rolling,Historical,<= t,No,No,VERIFIED,Clean historical feature computed strictly at or before t
wx_dha_high_wind,Port Weather / Environmental,Direct/Lag/Rolling,Historical,<= t,No,No,VERIFIED,Clean historical feature computed strictly at or before t
wx_dha_heavy_precip,Port Weather / Environmental,Direct/Lag/Rolling,Historical,<= t,No,No,VERIFIED,Clean historical feature computed strictly at or before t
wx_viz_high_wind,Port Weather / Environmental,Direct/Lag/Rolling,Historical,<= t,No,No,VERIFIED,Clean historical feature computed strictly at or before t
wx_viz_heavy_precip,Port Weather / Environmental,Direct/Lag/Rolling,Historical,<= t,No,No,VERIFIED,Clean historical feature computed strictly at or before t
wx_gan_high_wind,Port Weather / Environmental,Direct/Lag/Rolling,Historical,<= t,No,No,VERIFIED,Clean historical feature computed strictly at or before t
wx_gan_heavy_precip,Port Weather / Environmental,Direct/Lag/Rolling,Historical,<= t,No,No,VERIFIED,Clean historical feature computed strictly at or before t
wx_ports_high_wind_count,Port Weather / Environmental,Direct/Lag/Rolling,Historical,<= t,No,No,VERIFIED,Clean historical feature computed strictly at or before t
wx_ports_heavy_precip_count,Port Weather / Environmental,Direct/Lag/Rolling,Historical,<= t,No,No,VERIFIED,Clean historical feature computed strictly at or before t
wx_wind_max_3d,Port Weather / Environmental,Direct/Lag/Rolling,Historical,<= t,No,No,VERIFIED,Clean historical feature computed strictly at or before t
wx_precip_max_3d,Port Weather / Environmental,Direct/Lag/Rolling,Historical,<= t,No,No,VERIFIED,Clean historical feature computed strictly at or before t
wx_precip_mean_3d,Port Weather / Environmental,Direct/Lag/Rolling,Historical,<= t,No,No,VERIFIED,Clean historical feature computed strictly at or before t
wx_adverse_sum_3d,Macro Indicator / Derived,Direct/Lag/Rolling,Historical,<= t,No,No,VERIFIED,Clean historical feature computed strictly at or before t
wx_wind_max_7d,Port Weather / Environmental,Direct/Lag/Rolling,Historical,<= t,No,No,VERIFIED,Clean historical feature computed strictly at or before t
wx_precip_max_7d,Port Weather / Environmental,Direct/Lag/Rolling,Historical,<= t,No,No,VERIFIED,Clean historical feature computed strictly at or before t
wx_precip_mean_7d,Port Weather / Environmental,Direct/Lag/Rolling,Historical,<= t,No,No,VERIFIED,Clean historical feature computed strictly at or before t
wx_adverse_sum_7d,Macro Indicator / Derived,Direct/Lag/Rolling,Historical,<= t,No,No,VERIFIED,Clean historical feature computed strictly at or before t
