feature_name,computation_formula,window_start,window_end,includes_future_t_plus_h,is_suspect,suspect_reason
kdci,kdci(t),t,t,False,True,Raw unshifted same-day price/index at t (window_end = t)
cape,cape(t),t,t,False,True,Raw unshifted same-day price/index at t (window_end = t)
panamax,panamax(t),t,t,False,True,Raw unshifted same-day price/index at t (window_end = t)
supramax,supramax(t),t,t,False,True,Raw unshifted same-day price/index at t (window_end = t)
handy,handy(t),t,t,False,True,Raw unshifted same-day price/index at t (window_end = t)
mc6,mc6(t),t,t,False,True,Raw unshifted same-day price/index at t (window_end = t)
mc7,mc7(t),t,t,False,True,Raw unshifted same-day price/index at t (window_end = t)
mc8,mc8(t),t,t,False,True,Raw unshifted same-day price/index at t (window_end = t)
mc9,mc9(t),t,t,False,True,Raw unshifted same-day price/index at t (window_end = t)
mp1,mp1(t),t,t,False,True,Raw unshifted same-day price/index at t (window_end = t)
mp2,mp2(t),t,t,False,True,Raw unshifted same-day price/index at t (window_end = t)
mp3,mp3(t),t,t,False,True,Raw unshifted same-day price/index at t (window_end = t)
mp4,mp4(t),t,t,False,True,Raw unshifted same-day price/index at t (window_end = t)
mp5,mp5(t),t,t,False,True,Raw unshifted same-day price/index at t (window_end = t)
mp6,mp6(t),t,t,False,True,Raw unshifted same-day price/index at t (window_end = t)
mp7,mp7(t),t,t,False,True,Raw unshifted same-day price/index at t (window_end = t)
ms1,ms1(t),t,t,False,True,Raw unshifted same-day price/index at t (window_end = t)
ms2,ms2(t),t,t,False,True,Raw unshifted same-day price/index at t (window_end = t)
ms4,ms4(t),t,t,False,True,Raw unshifted same-day price/index at t (window_end = t)
ms5,ms5(t),t,t,False,True,Raw unshifted same-day price/index at t (window_end = t)
ms6,ms6(t),t,t,False,True,Raw unshifted same-day price/index at t (window_end = t)
ms7,ms7(t),t,t,False,True,Raw unshifted same-day price/index at t (window_end = t)
mh1,mh1(t),t,t,False,True,Raw unshifted same-day price/index at t (window_end = t)
mh2,mh2(t),t,t,False,True,Raw unshifted same-day price/index at t (window_end = t)
mh3,mh3(t),t,t,False,True,Raw unshifted same-day price/index at t (window_end = t)
mh4,mh4(t),t,t,False,True,Raw unshifted same-day price/index at t (window_end = t)
mh5,mh5(t),t,t,False,True,Raw unshifted same-day price/index at t (window_end = t)
n10d,n10d(t),t,t,False,True,Same-day market/commodity observation at t (window_end = t)
gprd,gprd(t),t,t,False,True,Same-day market/commodity observation at t (window_end = t)
gprd_act,gprd_act(t),t,t,False,True,Same-day market/commodity observation at t (window_end = t)
gprd_threat,gprd_threat(t),t,t,False,True,Same-day market/commodity observation at t (window_end = t)
gprd_ma7,gprd_ma7(t),t,t,False,True,Same-day market/commodity observation at t (window_end = t)
gprd_ma30,gprd_ma30(t),t,t,False,True,Same-day market/commodity observation at t (window_end = t)
usd_inr,usd_inr(t),t,t,False,True,Same-day market/commodity observation at t (window_end = t)
brent_usd_per_barrel,brent_usd_per_barrel(t),t,t,False,True,Same-day market/commodity observation at t (window_end = t)
wti_usd_per_barrel,wti_usd_per_barrel(t),t,t,False,True,Same-day market/commodity observation at t (window_end = t)
gscpi,gscpi(t),t,t,False,True,Same-day market/commodity observation at t (window_end = t)
coal_australian,coal_australian(t),t,t,False,True,Same-day market/commodity observation at t (window_end = t)
coal_south_african,coal_south_african(t),t,t,False,True,Same-day market/commodity observation at t (window_end = t)
iron_ore_cfr_spot,iron_ore_cfr_spot(t),t,t,False,True,Same-day market/commodity observation at t (window_end = t)
copper,copper(t),t,t,False,True,Same-day market/commodity observation at t (window_end = t)
aluminum,aluminum(t),t,t,False,True,Same-day market/commodity observation at t (window_end = t)
dap,dap(t),t,t,False,True,Same-day market/commodity observation at t (window_end = t)
tsp,tsp(t),t,t,False,True,Same-day market/commodity observation at t (window_end = t)
urea,urea(t),t,t,False,True,Same-day market/commodity observation at t (window_end = t)
potassium_chloride,potassium_chloride(t),t,t,False,True,Same-day market/commodity observation at t (window_end = t)
kdci_lag_1,kdci(t - 1),t - 1,t - 1,False,False,
kdci_lag_3,kdci(t - 3),t - 3,t - 3,False,False,
kdci_lag_7,kdci(t - 7),t - 7,t - 7,False,False,
kdci_lag_14,kdci(t - 14),t - 14,t - 14,False,False,
kdci_lag_30,kdci(t - 30),t - 30,t - 30,False,False,
kdci_lag_60,kdci(t - 60),t - 60,t - 60,False,False,
kdci_lag_90,kdci(t - 90),t - 90,t - 90,False,False,
cape_lag_1,cape(t - 1),t - 1,t - 1,False,False,
cape_lag_3,cape(t - 3),t - 3,t - 3,False,False,
cape_lag_7,cape(t - 7),t - 7,t - 7,False,False,
cape_lag_14,cape(t - 14),t - 14,t - 14,False,False,
cape_lag_30,cape(t - 30),t - 30,t - 30,False,False,
cape_lag_60,cape(t - 60),t - 60,t - 60,False,False,
cape_lag_90,cape(t - 90),t - 90,t - 90,False,False,
panamax_lag_1,panamax(t - 1),t - 1,t - 1,False,False,
panamax_lag_3,panamax(t - 3),t - 3,t - 3,False,False,
panamax_lag_7,panamax(t - 7),t - 7,t - 7,False,False,
panamax_lag_14,panamax(t - 14),t - 14,t - 14,False,False,
panamax_lag_30,panamax(t - 30),t - 30,t - 30,False,False,
panamax_lag_60,panamax(t - 60),t - 60,t - 60,False,False,
panamax_lag_90,panamax(t - 90),t - 90,t - 90,False,False,
supramax_lag_1,supramax(t - 1),t - 1,t - 1,False,False,
supramax_lag_3,supramax(t - 3),t - 3,t - 3,False,False,
supramax_lag_7,supramax(t - 7),t - 7,t - 7,False,False,
supramax_lag_14,supramax(t - 14),t - 14,t - 14,False,False,
supramax_lag_30,supramax(t - 30),t - 30,t - 30,False,False,
supramax_lag_60,supramax(t - 60),t - 60,t - 60,False,False,
supramax_lag_90,supramax(t - 90),t - 90,t - 90,False,False,
handy_lag_1,handy(t - 1),t - 1,t - 1,False,False,
handy_lag_3,handy(t - 3),t - 3,t - 3,False,False,
handy_lag_7,handy(t - 7),t - 7,t - 7,False,False,
handy_lag_14,handy(t - 14),t - 14,t - 14,False,False,
handy_lag_30,handy(t - 30),t - 30,t - 30,False,False,
handy_lag_60,handy(t - 60),t - 60,t - 60,False,False,
handy_lag_90,handy(t - 90),t - 90,t - 90,False,False,
kdci_rmean_7,mean(kdci[t-7+1 : t]),t - 6,t,False,True,Includes same-day close at t (window_end = t)
kdci_rstd_7,std(kdci[t-7+1 : t]),t - 6,t,False,True,Includes same-day close at t (window_end = t)
kdci_rmean_14,mean(kdci[t-14+1 : t]),t - 13,t,False,True,Includes same-day close at t (window_end = t)
kdci_rstd_14,std(kdci[t-14+1 : t]),t - 13,t,False,True,Includes same-day close at t (window_end = t)
kdci_rmean_30,mean(kdci[t-30+1 : t]),t - 29,t,False,True,Includes same-day close at t (window_end = t)
kdci_rstd_30,std(kdci[t-30+1 : t]),t - 29,t,False,True,Includes same-day close at t (window_end = t)
cape_rmean_7,mean(cape[t-7+1 : t]),t - 6,t,False,True,Includes same-day close at t (window_end = t)
cape_rstd_7,std(cape[t-7+1 : t]),t - 6,t,False,True,Includes same-day close at t (window_end = t)
cape_rmean_14,mean(cape[t-14+1 : t]),t - 13,t,False,True,Includes same-day close at t (window_end = t)
cape_rstd_14,std(cape[t-14+1 : t]),t - 13,t,False,True,Includes same-day close at t (window_end = t)
cape_rmean_30,mean(cape[t-30+1 : t]),t - 29,t,False,True,Includes same-day close at t (window_end = t)
cape_rstd_30,std(cape[t-30+1 : t]),t - 29,t,False,True,Includes same-day close at t (window_end = t)
panamax_rmean_7,mean(panamax[t-7+1 : t]),t - 6,t,False,True,Includes same-day close at t (window_end = t)
panamax_rstd_7,std(panamax[t-7+1 : t]),t - 6,t,False,True,Includes same-day close at t (window_end = t)
panamax_rmean_14,mean(panamax[t-14+1 : t]),t - 13,t,False,True,Includes same-day close at t (window_end = t)
panamax_rstd_14,std(panamax[t-14+1 : t]),t - 13,t,False,True,Includes same-day close at t (window_end = t)
panamax_rmean_30,mean(panamax[t-30+1 : t]),t - 29,t,False,True,Includes same-day close at t (window_end = t)
panamax_rstd_30,std(panamax[t-30+1 : t]),t - 29,t,False,True,Includes same-day close at t (window_end = t)
supramax_rmean_7,mean(supramax[t-7+1 : t]),t - 6,t,False,True,Includes same-day close at t (window_end = t)
supramax_rstd_7,std(supramax[t-7+1 : t]),t - 6,t,False,True,Includes same-day close at t (window_end = t)
supramax_rmean_14,mean(supramax[t-14+1 : t]),t - 13,t,False,True,Includes same-day close at t (window_end = t)
supramax_rstd_14,std(supramax[t-14+1 : t]),t - 13,t,False,True,Includes same-day close at t (window_end = t)
supramax_rmean_30,mean(supramax[t-30+1 : t]),t - 29,t,False,True,Includes same-day close at t (window_end = t)
supramax_rstd_30,std(supramax[t-30+1 : t]),t - 29,t,False,True,Includes same-day close at t (window_end = t)
handy_rmean_7,mean(handy[t-7+1 : t]),t - 6,t,False,True,Includes same-day close at t (window_end = t)
handy_rstd_7,std(handy[t-7+1 : t]),t - 6,t,False,True,Includes same-day close at t (window_end = t)
handy_rmean_14,mean(handy[t-14+1 : t]),t - 13,t,False,True,Includes same-day close at t (window_end = t)
handy_rstd_14,std(handy[t-14+1 : t]),t - 13,t,False,True,Includes same-day close at t (window_end = t)
handy_rmean_30,mean(handy[t-30+1 : t]),t - 29,t,False,True,Includes same-day close at t (window_end = t)
handy_rstd_30,std(handy[t-30+1 : t]),t - 29,t,False,True,Includes same-day close at t (window_end = t)
kdci_chg_1,kdci(t) - kdci(t - 1),t - 1,t,False,True,Uses same-day close at t (window_end = t)
kdci_pchg_1,(kdci(t) - kdci(t - 1)) / kdci(t - 1),t - 1,t,False,True,Uses same-day close at t (window_end = t)
kdci_chg_7,kdci(t) - kdci(t - 7),t - 7,t,False,True,Uses same-day close at t (window_end = t)
kdci_pchg_7,(kdci(t) - kdci(t - 7)) / kdci(t - 7),t - 7,t,False,True,Uses same-day close at t (window_end = t)
kdci_chg_14,kdci(t) - kdci(t - 14),t - 14,t,False,True,Uses same-day close at t (window_end = t)
kdci_pchg_14,(kdci(t) - kdci(t - 14)) / kdci(t - 14),t - 14,t,False,True,Uses same-day close at t (window_end = t)
kdci_chg_30,kdci(t) - kdci(t - 30),t - 30,t,False,True,Uses same-day close at t (window_end = t)
kdci_pchg_30,(kdci(t) - kdci(t - 30)) / kdci(t - 30),t - 30,t,False,True,Uses same-day close at t (window_end = t)
cape_chg_1,cape(t) - cape(t - 1),t - 1,t,False,True,Uses same-day close at t (window_end = t)
cape_pchg_1,(cape(t) - cape(t - 1)) / cape(t - 1),t - 1,t,False,True,Uses same-day close at t (window_end = t)
cape_chg_7,cape(t) - cape(t - 7),t - 7,t,False,True,Uses same-day close at t (window_end = t)
cape_pchg_7,(cape(t) - cape(t - 7)) / cape(t - 7),t - 7,t,False,True,Uses same-day close at t (window_end = t)
cape_chg_14,cape(t) - cape(t - 14),t - 14,t,False,True,Uses same-day close at t (window_end = t)
cape_pchg_14,(cape(t) - cape(t - 14)) / cape(t - 14),t - 14,t,False,True,Uses same-day close at t (window_end = t)
cape_chg_30,cape(t) - cape(t - 30),t - 30,t,False,True,Uses same-day close at t (window_end = t)
cape_pchg_30,(cape(t) - cape(t - 30)) / cape(t - 30),t - 30,t,False,True,Uses same-day close at t (window_end = t)
panamax_chg_1,panamax(t) - panamax(t - 1),t - 1,t,False,True,Uses same-day close at t (window_end = t)
panamax_pchg_1,(panamax(t) - panamax(t - 1)) / panamax(t - 1),t - 1,t,False,True,Uses same-day close at t (window_end = t)
panamax_chg_7,panamax(t) - panamax(t - 7),t - 7,t,False,True,Uses same-day close at t (window_end = t)
panamax_pchg_7,(panamax(t) - panamax(t - 7)) / panamax(t - 7),t - 7,t,False,True,Uses same-day close at t (window_end = t)
panamax_chg_14,panamax(t) - panamax(t - 14),t - 14,t,False,True,Uses same-day close at t (window_end = t)
panamax_pchg_14,(panamax(t) - panamax(t - 14)) / panamax(t - 14),t - 14,t,False,True,Uses same-day close at t (window_end = t)
panamax_chg_30,panamax(t) - panamax(t - 30),t - 30,t,False,True,Uses same-day close at t (window_end = t)
panamax_pchg_30,(panamax(t) - panamax(t - 30)) / panamax(t - 30),t - 30,t,False,True,Uses same-day close at t (window_end = t)
supramax_chg_1,supramax(t) - supramax(t - 1),t - 1,t,False,True,Uses same-day close at t (window_end = t)
supramax_pchg_1,(supramax(t) - supramax(t - 1)) / supramax(t - 1),t - 1,t,False,True,Uses same-day close at t (window_end = t)
supramax_chg_7,supramax(t) - supramax(t - 7),t - 7,t,False,True,Uses same-day close at t (window_end = t)
supramax_pchg_7,(supramax(t) - supramax(t - 7)) / supramax(t - 7),t - 7,t,False,True,Uses same-day close at t (window_end = t)
supramax_chg_14,supramax(t) - supramax(t - 14),t - 14,t,False,True,Uses same-day close at t (window_end = t)
supramax_pchg_14,(supramax(t) - supramax(t - 14)) / supramax(t - 14),t - 14,t,False,True,Uses same-day close at t (window_end = t)
supramax_chg_30,supramax(t) - supramax(t - 30),t - 30,t,False,True,Uses same-day close at t (window_end = t)
supramax_pchg_30,(supramax(t) - supramax(t - 30)) / supramax(t - 30),t - 30,t,False,True,Uses same-day close at t (window_end = t)
handy_chg_1,handy(t) - handy(t - 1),t - 1,t,False,True,Uses same-day close at t (window_end = t)
handy_pchg_1,(handy(t) - handy(t - 1)) / handy(t - 1),t - 1,t,False,True,Uses same-day close at t (window_end = t)
handy_chg_7,handy(t) - handy(t - 7),t - 7,t,False,True,Uses same-day close at t (window_end = t)
handy_pchg_7,(handy(t) - handy(t - 7)) / handy(t - 7),t - 7,t,False,True,Uses same-day close at t (window_end = t)
handy_chg_14,handy(t) - handy(t - 14),t - 14,t,False,True,Uses same-day close at t (window_end = t)
handy_pchg_14,(handy(t) - handy(t - 14)) / handy(t - 14),t - 14,t,False,True,Uses same-day close at t (window_end = t)
handy_chg_30,handy(t) - handy(t - 30),t - 30,t,False,True,Uses same-day close at t (window_end = t)
handy_pchg_30,(handy(t) - handy(t - 30)) / handy(t - 30),t - 30,t,False,True,Uses same-day close at t (window_end = t)
mkt_usd_inr_lag_1,mkt_usd_inr(t - 1),t - 1,t - 1,False,False,
mkt_usd_inr_lag_7,mkt_usd_inr(t - 7),t - 7,t - 7,False,False,
mkt_usd_inr_lag_14,mkt_usd_inr(t - 14),t - 14,t - 14,False,False,
mkt_usd_inr_lag_30,mkt_usd_inr(t - 30),t - 30,t - 30,False,False,
mkt_brent_usd_per_barrel_lag_1,mkt_brent_usd_per_barrel(t - 1),t - 1,t - 1,False,False,
mkt_brent_usd_per_barrel_lag_7,mkt_brent_usd_per_barrel(t - 7),t - 7,t - 7,False,False,
mkt_brent_usd_per_barrel_lag_14,mkt_brent_usd_per_barrel(t - 14),t - 14,t - 14,False,False,
mkt_brent_usd_per_barrel_lag_30,mkt_brent_usd_per_barrel(t - 30),t - 30,t - 30,False,False,
mkt_wti_usd_per_barrel_lag_1,mkt_wti_usd_per_barrel(t - 1),t - 1,t - 1,False,False,
mkt_wti_usd_per_barrel_lag_7,mkt_wti_usd_per_barrel(t - 7),t - 7,t - 7,False,False,
mkt_wti_usd_per_barrel_lag_14,mkt_wti_usd_per_barrel(t - 14),t - 14,t - 14,False,False,
mkt_wti_usd_per_barrel_lag_30,mkt_wti_usd_per_barrel(t - 30),t - 30,t - 30,False,False,
mkt_n10d_lag_1,mkt_n10d(t - 1),t - 1,t - 1,False,False,
mkt_n10d_lag_7,mkt_n10d(t - 7),t - 7,t - 7,False,False,
mkt_n10d_lag_14,mkt_n10d(t - 14),t - 14,t - 14,False,False,
mkt_n10d_lag_30,mkt_n10d(t - 30),t - 30,t - 30,False,False,
mkt_gprd_lag_1,mkt_gprd(t - 1),t - 1,t - 1,False,False,
mkt_gprd_lag_7,mkt_gprd(t - 7),t - 7,t - 7,False,False,
mkt_gprd_lag_14,mkt_gprd(t - 14),t - 14,t - 14,False,False,
mkt_gprd_lag_30,mkt_gprd(t - 30),t - 30,t - 30,False,False,
mkt_iron_ore_cfr_spot_lag_1,mkt_iron_ore_cfr_spot(t - 1),t - 1,t - 1,False,False,
mkt_iron_ore_cfr_spot_lag_7,mkt_iron_ore_cfr_spot(t - 7),t - 7,t - 7,False,False,
mkt_iron_ore_cfr_spot_lag_14,mkt_iron_ore_cfr_spot(t - 14),t - 14,t - 14,False,False,
mkt_iron_ore_cfr_spot_lag_30,mkt_iron_ore_cfr_spot(t - 30),t - 30,t - 30,False,False,
mkt_coal_australian_lag_1,mkt_coal_australian(t - 1),t - 1,t - 1,False,False,
mkt_coal_australian_lag_7,mkt_coal_australian(t - 7),t - 7,t - 7,False,False,
mkt_coal_australian_lag_14,mkt_coal_australian(t - 14),t - 14,t - 14,False,False,
mkt_coal_australian_lag_30,mkt_coal_australian(t - 30),t - 30,t - 30,False,False,
mkt_coal_south_african_lag_1,mkt_coal_south_african(t - 1),t - 1,t - 1,False,False,
mkt_coal_south_african_lag_7,mkt_coal_south_african(t - 7),t - 7,t - 7,False,False,
mkt_coal_south_african_lag_14,mkt_coal_south_african(t - 14),t - 14,t - 14,False,False,
mkt_coal_south_african_lag_30,mkt_coal_south_african(t - 30),t - 30,t - 30,False,False,
mkt_copper_lag_1,mkt_copper(t - 1),t - 1,t - 1,False,False,
mkt_copper_lag_7,mkt_copper(t - 7),t - 7,t - 7,False,False,
mkt_copper_lag_14,mkt_copper(t - 14),t - 14,t - 14,False,False,
mkt_copper_lag_30,mkt_copper(t - 30),t - 30,t - 30,False,False,
mkt_aluminum_lag_1,mkt_aluminum(t - 1),t - 1,t - 1,False,False,
mkt_aluminum_lag_7,mkt_aluminum(t - 7),t - 7,t - 7,False,False,
mkt_aluminum_lag_14,mkt_aluminum(t - 14),t - 14,t - 14,False,False,
mkt_aluminum_lag_30,mkt_aluminum(t - 30),t - 30,t - 30,False,False,
mkt_usd_inr_rmean_7,mean(mkt_usd_inr[t-7+1 : t]),t - 6,t,False,True,Includes same-day close at t (window_end = t)
mkt_usd_inr_rstd_7,std(mkt_usd_inr[t-7+1 : t]),t - 6,t,False,True,Includes same-day close at t (window_end = t)
mkt_usd_inr_rmean_14,mean(mkt_usd_inr[t-14+1 : t]),t - 13,t,False,True,Includes same-day close at t (window_end = t)
mkt_usd_inr_rstd_14,std(mkt_usd_inr[t-14+1 : t]),t - 13,t,False,True,Includes same-day close at t (window_end = t)
mkt_usd_inr_rmean_30,mean(mkt_usd_inr[t-30+1 : t]),t - 29,t,False,True,Includes same-day close at t (window_end = t)
mkt_usd_inr_rstd_30,std(mkt_usd_inr[t-30+1 : t]),t - 29,t,False,True,Includes same-day close at t (window_end = t)
mkt_brent_usd_per_barrel_rmean_7,mean(mkt_brent_usd_per_barrel[t-7+1 : t]),t - 6,t,False,True,Includes same-day close at t (window_end = t)
mkt_brent_usd_per_barrel_rstd_7,std(mkt_brent_usd_per_barrel[t-7+1 : t]),t - 6,t,False,True,Includes same-day close at t (window_end = t)
mkt_brent_usd_per_barrel_rmean_14,mean(mkt_brent_usd_per_barrel[t-14+1 : t]),t - 13,t,False,True,Includes same-day close at t (window_end = t)
mkt_brent_usd_per_barrel_rstd_14,std(mkt_brent_usd_per_barrel[t-14+1 : t]),t - 13,t,False,True,Includes same-day close at t (window_end = t)
mkt_brent_usd_per_barrel_rmean_30,mean(mkt_brent_usd_per_barrel[t-30+1 : t]),t - 29,t,False,True,Includes same-day close at t (window_end = t)
mkt_brent_usd_per_barrel_rstd_30,std(mkt_brent_usd_per_barrel[t-30+1 : t]),t - 29,t,False,True,Includes same-day close at t (window_end = t)
mkt_wti_usd_per_barrel_rmean_7,mean(mkt_wti_usd_per_barrel[t-7+1 : t]),t - 6,t,False,True,Includes same-day close at t (window_end = t)
mkt_wti_usd_per_barrel_rstd_7,std(mkt_wti_usd_per_barrel[t-7+1 : t]),t - 6,t,False,True,Includes same-day close at t (window_end = t)
mkt_wti_usd_per_barrel_rmean_14,mean(mkt_wti_usd_per_barrel[t-14+1 : t]),t - 13,t,False,True,Includes same-day close at t (window_end = t)
mkt_wti_usd_per_barrel_rstd_14,std(mkt_wti_usd_per_barrel[t-14+1 : t]),t - 13,t,False,True,Includes same-day close at t (window_end = t)
mkt_wti_usd_per_barrel_rmean_30,mean(mkt_wti_usd_per_barrel[t-30+1 : t]),t - 29,t,False,True,Includes same-day close at t (window_end = t)
mkt_wti_usd_per_barrel_rstd_30,std(mkt_wti_usd_per_barrel[t-30+1 : t]),t - 29,t,False,True,Includes same-day close at t (window_end = t)
mkt_n10d_rmean_7,mean(mkt_n10d[t-7+1 : t]),t - 6,t,False,True,Includes same-day close at t (window_end = t)
mkt_n10d_rstd_7,std(mkt_n10d[t-7+1 : t]),t - 6,t,False,True,Includes same-day close at t (window_end = t)
mkt_n10d_rmean_14,mean(mkt_n10d[t-14+1 : t]),t - 13,t,False,True,Includes same-day close at t (window_end = t)
mkt_n10d_rstd_14,std(mkt_n10d[t-14+1 : t]),t - 13,t,False,True,Includes same-day close at t (window_end = t)
mkt_n10d_rmean_30,mean(mkt_n10d[t-30+1 : t]),t - 29,t,False,True,Includes same-day close at t (window_end = t)
mkt_n10d_rstd_30,std(mkt_n10d[t-30+1 : t]),t - 29,t,False,True,Includes same-day close at t (window_end = t)
mkt_gprd_rmean_7,mean(mkt_gprd[t-7+1 : t]),t - 6,t,False,True,Includes same-day close at t (window_end = t)
mkt_gprd_rstd_7,std(mkt_gprd[t-7+1 : t]),t - 6,t,False,True,Includes same-day close at t (window_end = t)
mkt_gprd_rmean_14,mean(mkt_gprd[t-14+1 : t]),t - 13,t,False,True,Includes same-day close at t (window_end = t)
mkt_gprd_rstd_14,std(mkt_gprd[t-14+1 : t]),t - 13,t,False,True,Includes same-day close at t (window_end = t)
mkt_gprd_rmean_30,mean(mkt_gprd[t-30+1 : t]),t - 29,t,False,True,Includes same-day close at t (window_end = t)
mkt_gprd_rstd_30,std(mkt_gprd[t-30+1 : t]),t - 29,t,False,True,Includes same-day close at t (window_end = t)
mkt_iron_ore_cfr_spot_rmean_7,mean(mkt_iron_ore_cfr_spot[t-7+1 : t]),t - 6,t,False,True,Includes same-day close at t (window_end = t)
mkt_iron_ore_cfr_spot_rstd_7,std(mkt_iron_ore_cfr_spot[t-7+1 : t]),t - 6,t,False,True,Includes same-day close at t (window_end = t)
mkt_iron_ore_cfr_spot_rmean_14,mean(mkt_iron_ore_cfr_spot[t-14+1 : t]),t - 13,t,False,True,Includes same-day close at t (window_end = t)
mkt_iron_ore_cfr_spot_rstd_14,std(mkt_iron_ore_cfr_spot[t-14+1 : t]),t - 13,t,False,True,Includes same-day close at t (window_end = t)
mkt_iron_ore_cfr_spot_rmean_30,mean(mkt_iron_ore_cfr_spot[t-30+1 : t]),t - 29,t,False,True,Includes same-day close at t (window_end = t)
mkt_iron_ore_cfr_spot_rstd_30,std(mkt_iron_ore_cfr_spot[t-30+1 : t]),t - 29,t,False,True,Includes same-day close at t (window_end = t)
mkt_coal_australian_rmean_7,mean(mkt_coal_australian[t-7+1 : t]),t - 6,t,False,True,Includes same-day close at t (window_end = t)
mkt_coal_australian_rstd_7,std(mkt_coal_australian[t-7+1 : t]),t - 6,t,False,True,Includes same-day close at t (window_end = t)
mkt_coal_australian_rmean_14,mean(mkt_coal_australian[t-14+1 : t]),t - 13,t,False,True,Includes same-day close at t (window_end = t)
mkt_coal_australian_rstd_14,std(mkt_coal_australian[t-14+1 : t]),t - 13,t,False,True,Includes same-day close at t (window_end = t)
mkt_coal_australian_rmean_30,mean(mkt_coal_australian[t-30+1 : t]),t - 29,t,False,True,Includes same-day close at t (window_end = t)
mkt_coal_australian_rstd_30,std(mkt_coal_australian[t-30+1 : t]),t - 29,t,False,True,Includes same-day close at t (window_end = t)
mkt_coal_south_african_rmean_7,mean(mkt_coal_south_african[t-7+1 : t]),t - 6,t,False,True,Includes same-day close at t (window_end = t)
mkt_coal_south_african_rstd_7,std(mkt_coal_south_african[t-7+1 : t]),t - 6,t,False,True,Includes same-day close at t (window_end = t)
mkt_coal_south_african_rmean_14,mean(mkt_coal_south_african[t-14+1 : t]),t - 13,t,False,True,Includes same-day close at t (window_end = t)
mkt_coal_south_african_rstd_14,std(mkt_coal_south_african[t-14+1 : t]),t - 13,t,False,True,Includes same-day close at t (window_end = t)
mkt_coal_south_african_rmean_30,mean(mkt_coal_south_african[t-30+1 : t]),t - 29,t,False,True,Includes same-day close at t (window_end = t)
mkt_coal_south_african_rstd_30,std(mkt_coal_south_african[t-30+1 : t]),t - 29,t,False,True,Includes same-day close at t (window_end = t)
mkt_copper_rmean_7,mean(mkt_copper[t-7+1 : t]),t - 6,t,False,True,Includes same-day close at t (window_end = t)
mkt_copper_rstd_7,std(mkt_copper[t-7+1 : t]),t - 6,t,False,True,Includes same-day close at t (window_end = t)
mkt_copper_rmean_14,mean(mkt_copper[t-14+1 : t]),t - 13,t,False,True,Includes same-day close at t (window_end = t)
mkt_copper_rstd_14,std(mkt_copper[t-14+1 : t]),t - 13,t,False,True,Includes same-day close at t (window_end = t)
mkt_copper_rmean_30,mean(mkt_copper[t-30+1 : t]),t - 29,t,False,True,Includes same-day close at t (window_end = t)
mkt_copper_rstd_30,std(mkt_copper[t-30+1 : t]),t - 29,t,False,True,Includes same-day close at t (window_end = t)
mkt_aluminum_rmean_7,mean(mkt_aluminum[t-7+1 : t]),t - 6,t,False,True,Includes same-day close at t (window_end = t)
mkt_aluminum_rstd_7,std(mkt_aluminum[t-7+1 : t]),t - 6,t,False,True,Includes same-day close at t (window_end = t)
mkt_aluminum_rmean_14,mean(mkt_aluminum[t-14+1 : t]),t - 13,t,False,True,Includes same-day close at t (window_end = t)
mkt_aluminum_rstd_14,std(mkt_aluminum[t-14+1 : t]),t - 13,t,False,True,Includes same-day close at t (window_end = t)
mkt_aluminum_rmean_30,mean(mkt_aluminum[t-30+1 : t]),t - 29,t,False,True,Includes same-day close at t (window_end = t)
mkt_aluminum_rstd_30,std(mkt_aluminum[t-30+1 : t]),t - 29,t,False,True,Includes same-day close at t (window_end = t)
mkt_usd_inr_chg_1,mkt_usd_inr(t) - mkt_usd_inr(t - 1),t - 1,t,False,True,Uses same-day close at t (window_end = t)
mkt_usd_inr_pchg_1,(mkt_usd_inr(t) - mkt_usd_inr(t - 1)) / mkt_usd_inr(t - 1),t - 1,t,False,True,Uses same-day close at t (window_end = t)
mkt_usd_inr_chg_7,mkt_usd_inr(t) - mkt_usd_inr(t - 7),t - 7,t,False,True,Uses same-day close at t (window_end = t)
mkt_usd_inr_pchg_7,(mkt_usd_inr(t) - mkt_usd_inr(t - 7)) / mkt_usd_inr(t - 7),t - 7,t,False,True,Uses same-day close at t (window_end = t)
mkt_usd_inr_chg_14,mkt_usd_inr(t) - mkt_usd_inr(t - 14),t - 14,t,False,True,Uses same-day close at t (window_end = t)
mkt_usd_inr_pchg_14,(mkt_usd_inr(t) - mkt_usd_inr(t - 14)) / mkt_usd_inr(t - 14),t - 14,t,False,True,Uses same-day close at t (window_end = t)
mkt_brent_usd_per_barrel_chg_1,mkt_brent_usd_per_barrel(t) - mkt_brent_usd_per_barrel(t - 1),t - 1,t,False,True,Uses same-day close at t (window_end = t)
mkt_brent_usd_per_barrel_pchg_1,(mkt_brent_usd_per_barrel(t) - mkt_brent_usd_per_barrel(t - 1)) / mkt_brent_usd_per_barrel(t - 1),t - 1,t,False,True,Uses same-day close at t (window_end = t)
mkt_brent_usd_per_barrel_chg_7,mkt_brent_usd_per_barrel(t) - mkt_brent_usd_per_barrel(t - 7),t - 7,t,False,True,Uses same-day close at t (window_end = t)
mkt_brent_usd_per_barrel_pchg_7,(mkt_brent_usd_per_barrel(t) - mkt_brent_usd_per_barrel(t - 7)) / mkt_brent_usd_per_barrel(t - 7),t - 7,t,False,True,Uses same-day close at t (window_end = t)
mkt_brent_usd_per_barrel_chg_14,mkt_brent_usd_per_barrel(t) - mkt_brent_usd_per_barrel(t - 14),t - 14,t,False,True,Uses same-day close at t (window_end = t)
mkt_brent_usd_per_barrel_pchg_14,(mkt_brent_usd_per_barrel(t) - mkt_brent_usd_per_barrel(t - 14)) / mkt_brent_usd_per_barrel(t - 14),t - 14,t,False,True,Uses same-day close at t (window_end = t)
mkt_wti_usd_per_barrel_chg_1,mkt_wti_usd_per_barrel(t) - mkt_wti_usd_per_barrel(t - 1),t - 1,t,False,True,Uses same-day close at t (window_end = t)
mkt_wti_usd_per_barrel_pchg_1,(mkt_wti_usd_per_barrel(t) - mkt_wti_usd_per_barrel(t - 1)) / mkt_wti_usd_per_barrel(t - 1),t - 1,t,False,True,Uses same-day close at t (window_end = t)
mkt_wti_usd_per_barrel_chg_7,mkt_wti_usd_per_barrel(t) - mkt_wti_usd_per_barrel(t - 7),t - 7,t,False,True,Uses same-day close at t (window_end = t)
mkt_wti_usd_per_barrel_pchg_7,(mkt_wti_usd_per_barrel(t) - mkt_wti_usd_per_barrel(t - 7)) / mkt_wti_usd_per_barrel(t - 7),t - 7,t,False,True,Uses same-day close at t (window_end = t)
mkt_wti_usd_per_barrel_chg_14,mkt_wti_usd_per_barrel(t) - mkt_wti_usd_per_barrel(t - 14),t - 14,t,False,True,Uses same-day close at t (window_end = t)
mkt_wti_usd_per_barrel_pchg_14,(mkt_wti_usd_per_barrel(t) - mkt_wti_usd_per_barrel(t - 14)) / mkt_wti_usd_per_barrel(t - 14),t - 14,t,False,True,Uses same-day close at t (window_end = t)
mkt_n10d_chg_1,mkt_n10d(t) - mkt_n10d(t - 1),t - 1,t,False,True,Uses same-day close at t (window_end = t)
mkt_n10d_pchg_1,(mkt_n10d(t) - mkt_n10d(t - 1)) / mkt_n10d(t - 1),t - 1,t,False,True,Uses same-day close at t (window_end = t)
mkt_n10d_chg_7,mkt_n10d(t) - mkt_n10d(t - 7),t - 7,t,False,True,Uses same-day close at t (window_end = t)
mkt_n10d_pchg_7,(mkt_n10d(t) - mkt_n10d(t - 7)) / mkt_n10d(t - 7),t - 7,t,False,True,Uses same-day close at t (window_end = t)
mkt_n10d_chg_14,mkt_n10d(t) - mkt_n10d(t - 14),t - 14,t,False,True,Uses same-day close at t (window_end = t)
mkt_n10d_pchg_14,(mkt_n10d(t) - mkt_n10d(t - 14)) / mkt_n10d(t - 14),t - 14,t,False,True,Uses same-day close at t (window_end = t)
mkt_gprd_chg_1,mkt_gprd(t) - mkt_gprd(t - 1),t - 1,t,False,True,Uses same-day close at t (window_end = t)
mkt_gprd_pchg_1,(mkt_gprd(t) - mkt_gprd(t - 1)) / mkt_gprd(t - 1),t - 1,t,False,True,Uses same-day close at t (window_end = t)
mkt_gprd_chg_7,mkt_gprd(t) - mkt_gprd(t - 7),t - 7,t,False,True,Uses same-day close at t (window_end = t)
mkt_gprd_pchg_7,(mkt_gprd(t) - mkt_gprd(t - 7)) / mkt_gprd(t - 7),t - 7,t,False,True,Uses same-day close at t (window_end = t)
mkt_gprd_chg_14,mkt_gprd(t) - mkt_gprd(t - 14),t - 14,t,False,True,Uses same-day close at t (window_end = t)
mkt_gprd_pchg_14,(mkt_gprd(t) - mkt_gprd(t - 14)) / mkt_gprd(t - 14),t - 14,t,False,True,Uses same-day close at t (window_end = t)
mkt_iron_ore_cfr_spot_chg_1,mkt_iron_ore_cfr_spot(t) - mkt_iron_ore_cfr_spot(t - 1),t - 1,t,False,True,Uses same-day close at t (window_end = t)
mkt_iron_ore_cfr_spot_pchg_1,(mkt_iron_ore_cfr_spot(t) - mkt_iron_ore_cfr_spot(t - 1)) / mkt_iron_ore_cfr_spot(t - 1),t - 1,t,False,True,Uses same-day close at t (window_end = t)
mkt_iron_ore_cfr_spot_chg_7,mkt_iron_ore_cfr_spot(t) - mkt_iron_ore_cfr_spot(t - 7),t - 7,t,False,True,Uses same-day close at t (window_end = t)
mkt_iron_ore_cfr_spot_pchg_7,(mkt_iron_ore_cfr_spot(t) - mkt_iron_ore_cfr_spot(t - 7)) / mkt_iron_ore_cfr_spot(t - 7),t - 7,t,False,True,Uses same-day close at t (window_end = t)
mkt_iron_ore_cfr_spot_chg_14,mkt_iron_ore_cfr_spot(t) - mkt_iron_ore_cfr_spot(t - 14),t - 14,t,False,True,Uses same-day close at t (window_end = t)
mkt_iron_ore_cfr_spot_pchg_14,(mkt_iron_ore_cfr_spot(t) - mkt_iron_ore_cfr_spot(t - 14)) / mkt_iron_ore_cfr_spot(t - 14),t - 14,t,False,True,Uses same-day close at t (window_end = t)
mkt_coal_australian_chg_1,mkt_coal_australian(t) - mkt_coal_australian(t - 1),t - 1,t,False,True,Uses same-day close at t (window_end = t)
mkt_coal_australian_pchg_1,(mkt_coal_australian(t) - mkt_coal_australian(t - 1)) / mkt_coal_australian(t - 1),t - 1,t,False,True,Uses same-day close at t (window_end = t)
mkt_coal_australian_chg_7,mkt_coal_australian(t) - mkt_coal_australian(t - 7),t - 7,t,False,True,Uses same-day close at t (window_end = t)
mkt_coal_australian_pchg_7,(mkt_coal_australian(t) - mkt_coal_australian(t - 7)) / mkt_coal_australian(t - 7),t - 7,t,False,True,Uses same-day close at t (window_end = t)
mkt_coal_australian_chg_14,mkt_coal_australian(t) - mkt_coal_australian(t - 14),t - 14,t,False,True,Uses same-day close at t (window_end = t)
mkt_coal_australian_pchg_14,(mkt_coal_australian(t) - mkt_coal_australian(t - 14)) / mkt_coal_australian(t - 14),t - 14,t,False,True,Uses same-day close at t (window_end = t)
mkt_coal_south_african_chg_1,mkt_coal_south_african(t) - mkt_coal_south_african(t - 1),t - 1,t,False,True,Uses same-day close at t (window_end = t)
mkt_coal_south_african_pchg_1,(mkt_coal_south_african(t) - mkt_coal_south_african(t - 1)) / mkt_coal_south_african(t - 1),t - 1,t,False,True,Uses same-day close at t (window_end = t)
mkt_coal_south_african_chg_7,mkt_coal_south_african(t) - mkt_coal_south_african(t - 7),t - 7,t,False,True,Uses same-day close at t (window_end = t)
mkt_coal_south_african_pchg_7,(mkt_coal_south_african(t) - mkt_coal_south_african(t - 7)) / mkt_coal_south_african(t - 7),t - 7,t,False,True,Uses same-day close at t (window_end = t)
mkt_coal_south_african_chg_14,mkt_coal_south_african(t) - mkt_coal_south_african(t - 14),t - 14,t,False,True,Uses same-day close at t (window_end = t)
mkt_coal_south_african_pchg_14,(mkt_coal_south_african(t) - mkt_coal_south_african(t - 14)) / mkt_coal_south_african(t - 14),t - 14,t,False,True,Uses same-day close at t (window_end = t)
mkt_copper_chg_1,mkt_copper(t) - mkt_copper(t - 1),t - 1,t,False,True,Uses same-day close at t (window_end = t)
mkt_copper_pchg_1,(mkt_copper(t) - mkt_copper(t - 1)) / mkt_copper(t - 1),t - 1,t,False,True,Uses same-day close at t (window_end = t)
mkt_copper_chg_7,mkt_copper(t) - mkt_copper(t - 7),t - 7,t,False,True,Uses same-day close at t (window_end = t)
mkt_copper_pchg_7,(mkt_copper(t) - mkt_copper(t - 7)) / mkt_copper(t - 7),t - 7,t,False,True,Uses same-day close at t (window_end = t)
mkt_copper_chg_14,mkt_copper(t) - mkt_copper(t - 14),t - 14,t,False,True,Uses same-day close at t (window_end = t)
mkt_copper_pchg_14,(mkt_copper(t) - mkt_copper(t - 14)) / mkt_copper(t - 14),t - 14,t,False,True,Uses same-day close at t (window_end = t)
mkt_aluminum_chg_1,mkt_aluminum(t) - mkt_aluminum(t - 1),t - 1,t,False,True,Uses same-day close at t (window_end = t)
mkt_aluminum_pchg_1,(mkt_aluminum(t) - mkt_aluminum(t - 1)) / mkt_aluminum(t - 1),t - 1,t,False,True,Uses same-day close at t (window_end = t)
mkt_aluminum_chg_7,mkt_aluminum(t) - mkt_aluminum(t - 7),t - 7,t,False,True,Uses same-day close at t (window_end = t)
mkt_aluminum_pchg_7,(mkt_aluminum(t) - mkt_aluminum(t - 7)) / mkt_aluminum(t - 7),t - 7,t,False,True,Uses same-day close at t (window_end = t)
mkt_aluminum_chg_14,mkt_aluminum(t) - mkt_aluminum(t - 14),t - 14,t,False,True,Uses same-day close at t (window_end = t)
mkt_aluminum_pchg_14,(mkt_aluminum(t) - mkt_aluminum(t - 14)) / mkt_aluminum(t - 14),t - 14,t,False,True,Uses same-day close at t (window_end = t)
gdelt_event_count,GDELT_gdelt_event_count(t),t,t,False,True,Same-day GDELT event count/sentiment at t (window_end = t)
gdelt_geo_relevant_count,GDELT_gdelt_geo_relevant_count(t),t,t,False,True,Same-day GDELT event count/sentiment at t (window_end = t)
gdelt_india_relevant_count,GDELT_gdelt_india_relevant_count(t),t,t,False,True,Same-day GDELT event count/sentiment at t (window_end = t)
gdelt_maritime_relevant_count,GDELT_gdelt_maritime_relevant_count(t),t,t,False,True,Same-day GDELT event count/sentiment at t (window_end = t)
gdelt_high_intensity_count,GDELT_gdelt_high_intensity_count(t),t,t,False,True,Same-day GDELT event count/sentiment at t (window_end = t)
gdelt_med_intensity_count,GDELT_gdelt_med_intensity_count(t),t,t,False,True,Same-day GDELT event count/sentiment at t (window_end = t)
gdelt_low_intensity_count,GDELT_gdelt_low_intensity_count(t),t,t,False,True,Same-day GDELT event count/sentiment at t (window_end = t)
gdelt_mean_intensity,GDELT_gdelt_mean_intensity(t),t,t,False,True,Same-day GDELT event count/sentiment at t (window_end = t)
gdelt_total_mentions,GDELT_gdelt_total_mentions(t),t,t,False,True,Same-day GDELT event count/sentiment at t (window_end = t)
gdelt_total_sources,GDELT_gdelt_total_sources(t),t,t,False,True,Same-day GDELT event count/sentiment at t (window_end = t)
gdelt_total_articles,GDELT_gdelt_total_articles(t),t,t,False,True,Same-day GDELT event count/sentiment at t (window_end = t)
gdelt_mean_media_attention,GDELT_gdelt_mean_media_attention(t),t,t,False,True,Same-day GDELT event count/sentiment at t (window_end = t)
gdelt_max_media_attention,GDELT_gdelt_max_media_attention(t),t,t,False,True,Same-day GDELT event count/sentiment at t (window_end = t)
gdelt_mean_tone,GDELT_gdelt_mean_tone(t),t,t,False,True,Same-day GDELT event count/sentiment at t (window_end = t)
gdelt_min_tone,GDELT_gdelt_min_tone(t),t,t,False,True,Same-day GDELT event count/sentiment at t (window_end = t)
gdelt_mean_tone_negativity,GDELT_gdelt_mean_tone_negativity(t),t,t,False,True,Same-day GDELT event count/sentiment at t (window_end = t)
gdelt_max_tone_negativity,GDELT_gdelt_max_tone_negativity(t),t,t,False,True,Same-day GDELT event count/sentiment at t (window_end = t)
gdelt_mean_goldstein,GDELT_gdelt_mean_goldstein(t),t,t,False,True,Same-day GDELT event count/sentiment at t (window_end = t)
gdelt_min_goldstein,GDELT_gdelt_min_goldstein(t),t,t,False,True,Same-day GDELT event count/sentiment at t (window_end = t)
gdelt_mean_goldstein_magnitude,GDELT_gdelt_mean_goldstein_magnitude(t),t,t,False,True,Same-day GDELT event count/sentiment at t (window_end = t)
gdelt_max_goldstein_magnitude,GDELT_gdelt_max_goldstein_magnitude(t),t,t,False,True,Same-day GDELT event count/sentiment at t (window_end = t)
gdelt_event_count_sum_3d,GDELT_gdelt_event_count_sum_3d(t),t,t,False,True,Same-day GDELT event count/sentiment at t (window_end = t)
gdelt_geo_relevant_count_sum_3d,GDELT_gdelt_geo_relevant_count_sum_3d(t),t,t,False,True,Same-day GDELT event count/sentiment at t (window_end = t)
gdelt_india_relevant_count_sum_3d,GDELT_gdelt_india_relevant_count_sum_3d(t),t,t,False,True,Same-day GDELT event count/sentiment at t (window_end = t)
gdelt_high_intensity_count_sum_3d,GDELT_gdelt_high_intensity_count_sum_3d(t),t,t,False,True,Same-day GDELT event count/sentiment at t (window_end = t)
gdelt_mean_intensity_ma_3d,GDELT_gdelt_mean_intensity_ma_3d(t),t,t,False,True,Same-day GDELT event count/sentiment at t (window_end = t)
gdelt_total_mentions_sum_3d,GDELT_gdelt_total_mentions_sum_3d(t),t,t,False,True,Same-day GDELT event count/sentiment at t (window_end = t)
gdelt_mean_tone_negativity_ma_3d,GDELT_gdelt_mean_tone_negativity_ma_3d(t),t,t,False,True,Same-day GDELT event count/sentiment at t (window_end = t)
gdelt_mean_goldstein_magnitude_ma_3d,GDELT_gdelt_mean_goldstein_magnitude_ma_3d(t),t,t,False,True,Same-day GDELT event count/sentiment at t (window_end = t)
gdelt_event_count_sum_7d,GDELT_gdelt_event_count_sum_7d(t),t,t,False,True,Same-day GDELT event count/sentiment at t (window_end = t)
gdelt_geo_relevant_count_sum_7d,GDELT_gdelt_geo_relevant_count_sum_7d(t),t,t,False,True,Same-day GDELT event count/sentiment at t (window_end = t)
gdelt_india_relevant_count_sum_7d,GDELT_gdelt_india_relevant_count_sum_7d(t),t,t,False,True,Same-day GDELT event count/sentiment at t (window_end = t)
gdelt_high_intensity_count_sum_7d,GDELT_gdelt_high_intensity_count_sum_7d(t),t,t,False,True,Same-day GDELT event count/sentiment at t (window_end = t)
gdelt_mean_intensity_ma_7d,GDELT_gdelt_mean_intensity_ma_7d(t),t,t,False,True,Same-day GDELT event count/sentiment at t (window_end = t)
gdelt_total_mentions_sum_7d,GDELT_gdelt_total_mentions_sum_7d(t),t,t,False,True,Same-day GDELT event count/sentiment at t (window_end = t)
gdelt_mean_tone_negativity_ma_7d,GDELT_gdelt_mean_tone_negativity_ma_7d(t),t,t,False,True,Same-day GDELT event count/sentiment at t (window_end = t)
gdelt_mean_goldstein_magnitude_ma_7d,GDELT_gdelt_mean_goldstein_magnitude_ma_7d(t),t,t,False,True,Same-day GDELT event count/sentiment at t (window_end = t)
gdelt_event_count_sum_14d,GDELT_gdelt_event_count_sum_14d(t),t,t,False,True,Same-day GDELT event count/sentiment at t (window_end = t)
gdelt_geo_relevant_count_sum_14d,GDELT_gdelt_geo_relevant_count_sum_14d(t),t,t,False,True,Same-day GDELT event count/sentiment at t (window_end = t)
gdelt_india_relevant_count_sum_14d,GDELT_gdelt_india_relevant_count_sum_14d(t),t,t,False,True,Same-day GDELT event count/sentiment at t (window_end = t)
gdelt_high_intensity_count_sum_14d,GDELT_gdelt_high_intensity_count_sum_14d(t),t,t,False,True,Same-day GDELT event count/sentiment at t (window_end = t)
gdelt_mean_intensity_ma_14d,GDELT_gdelt_mean_intensity_ma_14d(t),t,t,False,True,Same-day GDELT event count/sentiment at t (window_end = t)
gdelt_total_mentions_sum_14d,GDELT_gdelt_total_mentions_sum_14d(t),t,t,False,True,Same-day GDELT event count/sentiment at t (window_end = t)
gdelt_mean_tone_negativity_ma_14d,GDELT_gdelt_mean_tone_negativity_ma_14d(t),t,t,False,True,Same-day GDELT event count/sentiment at t (window_end = t)
gdelt_mean_goldstein_magnitude_ma_14d,GDELT_gdelt_mean_goldstein_magnitude_ma_14d(t),t,t,False,True,Same-day GDELT event count/sentiment at t (window_end = t)
gdelt_event_count_sum_30d,GDELT_gdelt_event_count_sum_30d(t),t,t,False,True,Same-day GDELT event count/sentiment at t (window_end = t)
gdelt_geo_relevant_count_sum_30d,GDELT_gdelt_geo_relevant_count_sum_30d(t),t,t,False,True,Same-day GDELT event count/sentiment at t (window_end = t)
gdelt_india_relevant_count_sum_30d,GDELT_gdelt_india_relevant_count_sum_30d(t),t,t,False,True,Same-day GDELT event count/sentiment at t (window_end = t)
gdelt_high_intensity_count_sum_30d,GDELT_gdelt_high_intensity_count_sum_30d(t),t,t,False,True,Same-day GDELT event count/sentiment at t (window_end = t)
gdelt_mean_intensity_ma_30d,GDELT_gdelt_mean_intensity_ma_30d(t),t,t,False,True,Same-day GDELT event count/sentiment at t (window_end = t)
gdelt_total_mentions_sum_30d,GDELT_gdelt_total_mentions_sum_30d(t),t,t,False,True,Same-day GDELT event count/sentiment at t (window_end = t)
gdelt_mean_tone_negativity_ma_30d,GDELT_gdelt_mean_tone_negativity_ma_30d(t),t,t,False,True,Same-day GDELT event count/sentiment at t (window_end = t)
gdelt_mean_goldstein_magnitude_ma_30d,GDELT_gdelt_mean_goldstein_magnitude_ma_30d(t),t,t,False,True,Same-day GDELT event count/sentiment at t (window_end = t)
cyclone_active_count,Cyclone_cyclone_active_count(t),t,t,False,True,Same-day cyclone proximity at t (window_end = t)
cyclone_max_wind,Cyclone_cyclone_max_wind(t),t,t,False,True,Same-day cyclone proximity at t (window_end = t)
cyclone_min_pressure,Cyclone_cyclone_min_pressure(t),t,t,False,True,Same-day cyclone proximity at t (window_end = t)
cyclone_port_exposure,Cyclone_cyclone_port_exposure(t),t,t,False,True,Same-day cyclone proximity at t (window_end = t)
cyclone_num_exposed_ports,Cyclone_cyclone_num_exposed_ports(t),t,t,False,True,Same-day cyclone proximity at t (window_end = t)
cyclone_landfall_any,Cyclone_cyclone_landfall_any(t),t,t,False,True,Same-day cyclone proximity at t (window_end = t)
cyclone_active,Cyclone_cyclone_active(t),t,t,False,True,Same-day cyclone proximity at t (window_end = t)
cyclone_active_sum_7d,Cyclone_cyclone_active_sum_7d(t),t,t,False,True,Same-day cyclone proximity at t (window_end = t)
cyclone_max_wind_7d,Cyclone_cyclone_max_wind_7d(t),t,t,False,True,Same-day cyclone proximity at t (window_end = t)
cyclone_exposure_sum_7d,Cyclone_cyclone_exposure_sum_7d(t),t,t,False,True,Same-day cyclone proximity at t (window_end = t)
cyclone_active_sum_14d,Cyclone_cyclone_active_sum_14d(t),t,t,False,True,Same-day cyclone proximity at t (window_end = t)
cyclone_max_wind_14d,Cyclone_cyclone_max_wind_14d(t),t,t,False,True,Same-day cyclone proximity at t (window_end = t)
cyclone_exposure_sum_14d,Cyclone_cyclone_exposure_sum_14d(t),t,t,False,True,Same-day cyclone proximity at t (window_end = t)
cyclone_active_sum_30d,Cyclone_cyclone_active_sum_30d(t),t,t,False,True,Same-day cyclone proximity at t (window_end = t)
cyclone_max_wind_30d,Cyclone_cyclone_max_wind_30d(t),t,t,False,True,Same-day cyclone proximity at t (window_end = t)
cyclone_exposure_sum_30d,Cyclone_cyclone_exposure_sum_30d(t),t,t,False,True,Same-day cyclone proximity at t (window_end = t)
wx_dha_temp_max,Weather_wx_dha_temp_max(t),t,t,False,True,Same-day weather observation at t (window_end = t)
wx_dha_temp_mean,Weather_wx_dha_temp_mean(t),t,t,False,True,Same-day weather observation at t (window_end = t)
wx_dha_precip_mm,Weather_wx_dha_precip_mm(t),t,t,False,True,Same-day weather observation at t (window_end = t)
wx_dha_wind_max,Weather_wx_dha_wind_max(t),t,t,False,True,Same-day weather observation at t (window_end = t)
wx_dha_gust_max,Weather_wx_dha_gust_max(t),t,t,False,True,Same-day weather observation at t (window_end = t)
wx_dha_wx_code,Weather_wx_dha_wx_code(t),t,t,False,True,Same-day weather observation at t (window_end = t)
wx_gan_temp_max,Weather_wx_gan_temp_max(t),t,t,False,True,Same-day weather observation at t (window_end = t)
wx_gan_temp_mean,Weather_wx_gan_temp_mean(t),t,t,False,True,Same-day weather observation at t (window_end = t)
wx_gan_precip_mm,Weather_wx_gan_precip_mm(t),t,t,False,True,Same-day weather observation at t (window_end = t)
wx_gan_wind_max,Weather_wx_gan_wind_max(t),t,t,False,True,Same-day weather observation at t (window_end = t)
wx_gan_gust_max,Weather_wx_gan_gust_max(t),t,t,False,True,Same-day weather observation at t (window_end = t)
wx_gan_wx_code,Weather_wx_gan_wx_code(t),t,t,False,True,Same-day weather observation at t (window_end = t)
wx_hal_temp_max,Weather_wx_hal_temp_max(t),t,t,False,True,Same-day weather observation at t (window_end = t)
wx_hal_temp_mean,Weather_wx_hal_temp_mean(t),t,t,False,True,Same-day weather observation at t (window_end = t)
wx_hal_precip_mm,Weather_wx_hal_precip_mm(t),t,t,False,True,Same-day weather observation at t (window_end = t)
wx_hal_wind_max,Weather_wx_hal_wind_max(t),t,t,False,True,Same-day weather observation at t (window_end = t)
wx_hal_gust_max,Weather_wx_hal_gust_max(t),t,t,False,True,Same-day weather observation at t (window_end = t)
wx_hal_wx_code,Weather_wx_hal_wx_code(t),t,t,False,True,Same-day weather observation at t (window_end = t)
wx_par_temp_max,Weather_wx_par_temp_max(t),t,t,False,True,Same-day weather observation at t (window_end = t)
wx_par_temp_mean,Weather_wx_par_temp_mean(t),t,t,False,True,Same-day weather observation at t (window_end = t)
wx_par_precip_mm,Weather_wx_par_precip_mm(t),t,t,False,True,Same-day weather observation at t (window_end = t)
wx_par_wind_max,Weather_wx_par_wind_max(t),t,t,False,True,Same-day weather observation at t (window_end = t)
wx_par_gust_max,Weather_wx_par_gust_max(t),t,t,False,True,Same-day weather observation at t (window_end = t)
wx_par_wx_code,Weather_wx_par_wx_code(t),t,t,False,True,Same-day weather observation at t (window_end = t)
wx_viz_temp_max,Weather_wx_viz_temp_max(t),t,t,False,True,Same-day weather observation at t (window_end = t)
wx_viz_temp_mean,Weather_wx_viz_temp_mean(t),t,t,False,True,Same-day weather observation at t (window_end = t)
wx_viz_precip_mm,Weather_wx_viz_precip_mm(t),t,t,False,True,Same-day weather observation at t (window_end = t)
wx_viz_wind_max,Weather_wx_viz_wind_max(t),t,t,False,True,Same-day weather observation at t (window_end = t)
wx_viz_gust_max,Weather_wx_viz_gust_max(t),t,t,False,True,Same-day weather observation at t (window_end = t)
wx_viz_wx_code,Weather_wx_viz_wx_code(t),t,t,False,True,Same-day weather observation at t (window_end = t)
wx_all_wind_max,Weather_wx_all_wind_max(t),t,t,False,True,Same-day weather observation at t (window_end = t)
wx_all_wind_mean,Weather_wx_all_wind_mean(t),t,t,False,True,Same-day weather observation at t (window_end = t)
wx_all_gust_max,Weather_wx_all_gust_max(t),t,t,False,True,Same-day weather observation at t (window_end = t)
wx_all_precip_max,Weather_wx_all_precip_max(t),t,t,False,True,Same-day weather observation at t (window_end = t)
wx_all_precip_mean,Weather_wx_all_precip_mean(t),t,t,False,True,Same-day weather observation at t (window_end = t)
wx_all_precip_sum,Weather_wx_all_precip_sum(t),t,t,False,True,Same-day weather observation at t (window_end = t)
wx_all_temp_max,Weather_wx_all_temp_max(t),t,t,False,True,Same-day weather observation at t (window_end = t)
wx_all_temp_mean,Weather_wx_all_temp_mean(t),t,t,False,True,Same-day weather observation at t (window_end = t)
wx_high_wind_indicator,Weather_wx_high_wind_indicator(t),t,t,False,True,Same-day weather observation at t (window_end = t)
wx_heavy_precip_indicator,Weather_wx_heavy_precip_indicator(t),t,t,False,True,Same-day weather observation at t (window_end = t)
wx_adverse_indicator,Weather_wx_adverse_indicator(t),t,t,False,True,Same-day weather observation at t (window_end = t)
wx_hal_high_wind,Weather_wx_hal_high_wind(t),t,t,False,True,Same-day weather observation at t (window_end = t)
wx_hal_heavy_precip,Weather_wx_hal_heavy_precip(t),t,t,False,True,Same-day weather observation at t (window_end = t)
wx_par_high_wind,Weather_wx_par_high_wind(t),t,t,False,True,Same-day weather observation at t (window_end = t)
wx_par_heavy_precip,Weather_wx_par_heavy_precip(t),t,t,False,True,Same-day weather observation at t (window_end = t)
wx_dha_high_wind,Weather_wx_dha_high_wind(t),t,t,False,True,Same-day weather observation at t (window_end = t)
wx_dha_heavy_precip,Weather_wx_dha_heavy_precip(t),t,t,False,True,Same-day weather observation at t (window_end = t)
wx_viz_high_wind,Weather_wx_viz_high_wind(t),t,t,False,True,Same-day weather observation at t (window_end = t)
wx_viz_heavy_precip,Weather_wx_viz_heavy_precip(t),t,t,False,True,Same-day weather observation at t (window_end = t)
wx_gan_high_wind,Weather_wx_gan_high_wind(t),t,t,False,True,Same-day weather observation at t (window_end = t)
wx_gan_heavy_precip,Weather_wx_gan_heavy_precip(t),t,t,False,True,Same-day weather observation at t (window_end = t)
wx_ports_high_wind_count,Weather_wx_ports_high_wind_count(t),t,t,False,True,Same-day weather observation at t (window_end = t)
wx_ports_heavy_precip_count,Weather_wx_ports_heavy_precip_count(t),t,t,False,True,Same-day weather observation at t (window_end = t)
wx_wind_max_3d,Weather_wx_wind_max_3d(t),t,t,False,True,Same-day weather observation at t (window_end = t)
wx_precip_max_3d,Weather_wx_precip_max_3d(t),t,t,False,True,Same-day weather observation at t (window_end = t)
wx_precip_mean_3d,Weather_wx_precip_mean_3d(t),t,t,False,True,Same-day weather observation at t (window_end = t)
wx_adverse_sum_3d,Weather_wx_adverse_sum_3d(t),t,t,False,True,Same-day weather observation at t (window_end = t)
wx_wind_max_7d,Weather_wx_wind_max_7d(t),t,t,False,True,Same-day weather observation at t (window_end = t)
wx_precip_max_7d,Weather_wx_precip_max_7d(t),t,t,False,True,Same-day weather observation at t (window_end = t)
wx_precip_mean_7d,Weather_wx_precip_mean_7d(t),t,t,False,True,Same-day weather observation at t (window_end = t)
wx_adverse_sum_7d,Weather_wx_adverse_sum_7d(t),t,t,False,True,Same-day weather observation at t (window_end = t)
