pair,fold,winner,te_r2,te_da,perm_max,n_fired,verdict
cape_1d,1,RandomForest,0.1772832324849335,66.8,59.199999999999996,85,GENUINE SIGNAL
cape_7d,1,Ridge,0.08311442983546924,57.599999999999994,60.8,76,FAILS PERMUTATION TEST
cape_14d,1,Ridge,-0.15115208812857128,59.599999999999994,62.4,111,FAILS PERMUTATION TEST
cape_30d,1,ElasticNet,-0.6222699346760097,63.6,63.2,184,UNDERFIT
panamax_1d,1,RandomForest,0.23222898510055545,80.80000000000001,54.0,58,GENUINE SIGNAL
panamax_7d,1,ElasticNet,-0.017510499696997694,58.8,61.6,142,FAILS PERMUTATION TEST
panamax_14d,1,XGBoost,-0.00200343821475113,59.199999999999996,60.8,0,INSUFFICIENT SAMPLE SIZE
panamax_30d,1,Ridge,-0.3075026757835304,59.199999999999996,67.60000000000001,250,FAILS PERMUTATION TEST
supramax_1d,1,RandomForest,-0.32919790891573175,75.6,61.199999999999996,65,UNDERFIT
supramax_7d,1,Ridge,0.19168719135603174,61.6,59.199999999999996,141,GENUINE SIGNAL
supramax_14d,1,LightGBM,-0.3078617373842196,51.2,54.800000000000004,250,FAILS PERMUTATION TEST
supramax_30d,1,RandomForest,-0.09951410684620843,56.39999999999999,66.0,250,FAILS PERMUTATION TEST
handy_1d,1,RandomForest,-0.013225077727099688,73.49397590361446,59.43775100401606,45,UNDERFIT
handy_7d,1,Ridge,0.21972983554946302,69.19999999999999,61.6,81,GENUINE SIGNAL
handy_14d,1,RandomForest,-0.046595240811983185,54.400000000000006,56.00000000000001,132,FAILS PERMUTATION TEST
handy_30d,1,RandomForest,-0.00872087337160976,59.599999999999994,61.6,250,FAILS PERMUTATION TEST
kdci_1d,1,RandomForest,-0.2686168890340035,63.6,54.400000000000006,42,UNDERFIT
kdci_7d,1,Ridge,0.19374092961195433,57.99999999999999,63.6,57,FAILS PERMUTATION TEST
kdci_14d,1,Ridge,0.1969380283309412,54.0,62.0,62,FAILS PERMUTATION TEST
kdci_30d,1,ElasticNet,0.08652761790514574,54.400000000000006,62.4,135,FAILS PERMUTATION TEST
cape_1d,2,RandomForest,0.22849614416789965,65.60000000000001,57.199999999999996,0,INSUFFICIENT SAMPLE SIZE
cape_7d,2,ElasticNet,-0.1840455926556699,54.21686746987952,56.22489959839358,0,INSUFFICIENT SAMPLE SIZE
cape_14d,2,XGBoost,0.31778763981057456,68.0,56.39999999999999,4,INSUFFICIENT SAMPLE SIZE
cape_30d,2,Ridge,-0.12268543285986189,58.4,67.60000000000001,0,INSUFFICIENT SAMPLE SIZE
panamax_1d,2,XGBoost,0.37212592137107325,80.80000000000001,60.4,4,INSUFFICIENT SAMPLE SIZE
panamax_7d,2,Ridge,-0.6975039638505114,43.6,55.60000000000001,48,FAILS PERMUTATION TEST
panamax_14d,2,XGBoost,-0.036184095670180216,57.199999999999996,60.8,0,INSUFFICIENT SAMPLE SIZE
panamax_30d,2,Ridge,-1.0104797756153099,35.6,63.2,70,FAILS PERMUTATION TEST
supramax_1d,2,ElasticNet,0.11614718413772551,59.83935742971887,62.24899598393574,9,INSUFFICIENT SAMPLE SIZE
supramax_7d,2,ElasticNet,-0.8593587651444479,51.6,53.2,51,FAILS PERMUTATION TEST
supramax_14d,2,Ridge,-1.4403573592203252,46.800000000000004,60.0,22,FAILS PERMUTATION TEST
supramax_30d,2,Ridge,-5.887120917776476,40.400000000000006,54.400000000000006,143,FAILS PERMUTATION TEST
handy_1d,2,LightGBM,0.1743169284795104,70.8,62.0,6,INSUFFICIENT SAMPLE SIZE
handy_7d,2,Ridge,-1.4067382969654583,42.4,65.2,43,FAILS PERMUTATION TEST
handy_14d,2,Ridge,-4.6780662424768105,26.0,64.8,147,FAILS PERMUTATION TEST
handy_30d,2,Ridge,-5.647835141028159,24.0,69.19999999999999,179,FAILS PERMUTATION TEST
kdci_1d,2,XGBoost,-0.0029139334280956497,67.2,55.60000000000001,2,INSUFFICIENT SAMPLE SIZE
kdci_7d,2,Ridge,-1.851185766072613,41.199999999999996,62.4,23,FAILS PERMUTATION TEST
kdci_14d,2,Ridge,-3.0540267733017874,43.6,64.0,85,FAILS PERMUTATION TEST
kdci_30d,2,Ridge,-10.299224257378087,36.8,50.4,250,FAILS PERMUTATION TEST
cape_1d,3,LightGBM,0.2278040944086951,64.4,54.400000000000006,42,GENUINE SIGNAL
cape_7d,3,Ridge,0.011622474622478673,59.199999999999996,60.8,49,FAILS PERMUTATION TEST
cape_14d,3,RandomForest,0.1115366264496942,62.8,70.0,4,INSUFFICIENT SAMPLE SIZE
cape_30d,3,LightGBM,0.17247589943642205,57.199999999999996,57.99999999999999,42,FAILS PERMUTATION TEST
panamax_1d,3,RandomForest,0.34133046972346937,75.0,66.53225806451613,56,GENUINE SIGNAL
panamax_7d,3,XGBoost,0.1386235208302231,68.0,63.6,16,GENUINE SIGNAL
panamax_14d,3,XGBoost,-0.37422444069017113,48.4,61.6,18,FAILS PERMUTATION TEST
panamax_30d,3,LightGBM,-0.6936947216463762,46.800000000000004,66.0,17,FAILS PERMUTATION TEST
supramax_1d,3,RandomForest,0.4809137780790044,82.39999999999999,59.199999999999996,60,GENUINE SIGNAL
supramax_7d,3,LightGBM,0.19914610041575287,68.8,57.599999999999994,23,GENUINE SIGNAL
supramax_14d,3,ElasticNet,0.0151052604634061,65.06024096385542,62.24899598393574,20,GENUINE SIGNAL
supramax_30d,3,ElasticNet,-0.09265371530762789,56.8,64.0,0,INSUFFICIENT SAMPLE SIZE
handy_1d,3,RandomForest,0.18807303633484762,71.2,57.99999999999999,40,GENUINE SIGNAL
handy_7d,3,XGBoost,-0.7041982395864286,60.6425702811245,60.24096385542169,59,UNDERFIT
handy_14d,3,ElasticNet,-0.9134925167240513,59.599999999999994,62.8,39,FAILS PERMUTATION TEST
handy_30d,3,ElasticNet,-0.14423284745636855,58.8,61.6,0,INSUFFICIENT SAMPLE SIZE
kdci_1d,3,XGBoost,0.2314849832218805,68.4,61.6,61,GENUINE SIGNAL
kdci_7d,3,ElasticNet,0.14793515264665902,66.4,58.8,38,GENUINE SIGNAL
kdci_14d,3,XGBoost,0.1168811241666513,61.199999999999996,59.599999999999994,32,GENUINE SIGNAL
kdci_30d,3,ElasticNet,-0.24663158807733265,63.2,63.2,40,FAILS PERMUTATION TEST
cape_1d,4,ElasticNet,0.32247535291514084,71.8875502008032,59.036144578313255,3,INSUFFICIENT SAMPLE SIZE
cape_7d,4,Ridge,0.3274051211603992,75.6,55.2,20,GENUINE SIGNAL
cape_14d,4,ElasticNet,0.3462927223148131,80.0,56.00000000000001,51,GENUINE SIGNAL
cape_30d,4,Ridge,0.26697331461901996,60.4,66.0,34,FAILS PERMUTATION TEST
panamax_1d,4,RandomForest,0.3610421285263571,79.51807228915662,61.84738955823293,14,INSUFFICIENT SAMPLE SIZE
panamax_7d,4,RandomForest,-0.006835036189076993,63.2,64.0,5,INSUFFICIENT SAMPLE SIZE
panamax_14d,4,Ridge,-0.36707436252451187,46.400000000000006,60.0,0,INSUFFICIENT SAMPLE SIZE
panamax_30d,4,Ridge,0.0042193361326670065,62.0,62.8,0,INSUFFICIENT SAMPLE SIZE
supramax_1d,4,RandomForest,0.44237297448504953,85.14056224899599,59.036144578313255,29,GENUINE SIGNAL
supramax_7d,4,ElasticNet,0.0019403788288423485,61.199999999999996,58.8,6,INSUFFICIENT SAMPLE SIZE
supramax_14d,4,ElasticNet,-0.6022712759279913,56.8,58.8,40,FAILS PERMUTATION TEST
supramax_30d,4,ElasticNet,0.05317822199383426,61.6,62.4,0,INSUFFICIENT SAMPLE SIZE
handy_1d,4,RandomForest,0.31178195152428034,78.3132530120482,58.23293172690763,19,GENUINE SIGNAL
handy_7d,4,LightGBM,0.05703163058462435,70.0,56.8,21,GENUINE SIGNAL
handy_14d,4,Ridge,-0.9296448281475658,57.99999999999999,58.4,14,INSUFFICIENT SAMPLE SIZE
handy_30d,4,ElasticNet,-0.023943811562338935,64.8,63.6,60,UNDERFIT
kdci_1d,4,Ridge,0.24700839499061222,67.74193548387096,57.25806451612904,6,INSUFFICIENT SAMPLE SIZE
kdci_7d,4,Ridge,0.2682291579582038,75.6,63.6,5,INSUFFICIENT SAMPLE SIZE
kdci_14d,4,ElasticNet,-0.1354474903030345,55.60000000000001,57.199999999999996,77,FAILS PERMUTATION TEST
kdci_30d,4,ElasticNet,0.09057620016424117,68.8,60.0,87,GENUINE SIGNAL
cape_1d,5,RandomForest,0.09065970275018476,64.6788990825688,55.5045871559633,46,GENUINE SIGNAL
cape_7d,5,ElasticNet,-0.354709592162477,55.55555555555556,58.454106280193244,84,FAILS PERMUTATION TEST
cape_14d,5,Ridge,-0.7191864167660216,56.49999999999999,68.0,110,FAILS PERMUTATION TEST
cape_30d,5,Ridge,-0.169256742339416,61.41304347826087,67.93478260869566,63,FAILS PERMUTATION TEST
panamax_1d,5,LightGBM,0.365353923913147,74.28571428571429,57.55102040816327,83,GENUINE SIGNAL
panamax_7d,5,RandomForest,0.021481785653388985,59.41422594142259,60.25104602510461,0,INSUFFICIENT SAMPLE SIZE
panamax_14d,5,XGBoost,-0.1700107124819228,44.827586206896555,61.206896551724135,9,INSUFFICIENT SAMPLE SIZE
panamax_30d,5,LightGBM,-0.25880510140443835,41.474654377880185,60.36866359447005,2,INSUFFICIENT SAMPLE SIZE
supramax_1d,5,RandomForest,0.3581793983228396,73.17073170731707,59.34959349593496,42,GENUINE SIGNAL
supramax_7d,5,RandomForest,0.056151107073513784,66.52719665271967,56.48535564853556,29,GENUINE SIGNAL
supramax_14d,5,Ridge,-0.2196400256293498,50.0,65.08620689655173,167,FAILS PERMUTATION TEST
supramax_30d,5,LightGBM,-0.03496304928686711,55.81395348837209,60.93023255813953,27,FAILS PERMUTATION TEST
handy_1d,5,XGBoost,0.31228229545441355,64.22764227642277,58.94308943089431,35,GENUINE SIGNAL
handy_7d,5,ElasticNet,0.09665950375001464,59.41422594142259,58.57740585774059,29,GENUINE SIGNAL
handy_14d,5,ElasticNet,-0.22741123632728155,47.8448275862069,64.65517241379311,30,FAILS PERMUTATION TEST
handy_30d,5,LightGBM,-0.12718143934515846,52.093023255813954,64.65116279069767,4,INSUFFICIENT SAMPLE SIZE
kdci_1d,5,RandomForest,0.20119124345508677,68.14516129032258,57.25806451612904,29,GENUINE SIGNAL
kdci_7d,5,ElasticNet,-0.14445754031951985,50.617283950617285,60.08230452674898,30,FAILS PERMUTATION TEST
kdci_14d,5,LightGBM,-0.40557671591245037,38.559322033898304,61.86440677966102,22,FAILS PERMUTATION TEST
kdci_30d,5,ElasticNet,-0.5371540165033089,44.54545454545455,64.54545454545455,115,FAILS PERMUTATION TEST
